id,calculated_host_listings_count,availability_365,host_response_rate_num,room_type_code,host_response_time_code,standardization_score,neighborhood_impact_score
2871271,1,96,100.0,2,0,1,1
2785692,1,176,,1,,-1,-1
2892435,2,299,100.0,2,0,-1,-1
3015969,1,0,,1,,1,1
3126320,1,53,,2,,1,1
3199889,2,0,,2,,-1,-1
3139351,1,0,,2,,-1,-1
22158,1,76,100.0,1,1,1,1
48592,102,300,53.0,2,2,-1,-1
55239,2,336,100.0,2,1,1,1
171159,1,325,100.0,2,0,1,1
348747,1,120,100.0,2,0,1,1
243040,2,0,,2,,-1,-1
108591,2,286,100.0,2,0,0,0
270067,1,192,100.0,2,0,-1,-1
536347,1,331,100.0,2,1,0,0
763958,1,204,100.0,1,0,-1,-1
893684,1,11,100.0,2,2,1,1
845652,1,0,,2,,1,1
782257,2,0,,2,,0,0
1005600,1,127,0.0,2,3,-1,-1
886735,1,88,,2,,1,-1
1036684,1,0,,2,,-1,-1
1057854,1,55,0.0,2,3,1,1
1218817,1,0,,2,,0,0
1137844,1,362,,2,,0,0
1301263,1,0,,2,,0,0
1192253,1,285,,2,,1,1
1329018,3,199,100.0,1,0,0,0
1336131,1,76,,2,,0,0
1353338,1,358,,2,,-1,-1
1359986,2,345,100.0,2,0,0,0
1363359,1,0,,2,,0,0
1550642,1,0,,2,,1,1
1670507,1,325,100.0,2,1,1,1
1448260,1,315,100.0,2,2,-1,-1
1785028,1,334,100.0,2,1,1,1
1983291,1,0,,2,,1,1
2050473,1,365,50.0,2,2,-1,-1
1892591,1,239,100.0,2,0,0,0
2162251,5,340,100.0,2,0,1,-1
2488505,8,344,99.0,1,0,0,0
2384250,2,364,80.0,2,1,0,0
2527936,1,241,67.0,2,1,0,0
2615923,1,360,100.0,2,0,-1,-1
2415284,1,351,67.0,2,1,1,1
2579897,2,365,0.0,2,3,1,1
2678065,1,80,100.0,2,0,0,-1
3269034,1,37,0.0,2,3,1,1
3292824,1,0,,2,,1,1
3369673,1,160,,2,,1,1
3385662,2,339,100.0,1,0,-1,-1
3467111,1,0,,2,,0,0
3483434,1,0,,1,,-1,-1
3421149,1,21,100.0,2,0,1,1
3492606,1,23,100.0,2,2,1,1
3493067,1,0,,1,,1,1
3597324,1,166,100.0,1,0,1,-1
3626136,1,177,100.0,2,0,-1,-1
3661319,1,0,,2,,-1,0
3838884,2,280,100.0,2,1,-1,0
3891859,1,361,100.0,1,0,1,1
4008153,1,5,,2,,-1,-1
4028720,1,270,100.0,2,1,0,-1
4195472,1,0,,2,,1,0
4327237,1,207,100.0,2,0,1,1
4073301,1,0,,2,,-1,-1
4421966,1,216,100.0,2,1,-1,-1
4155299,1,226,,2,,-1,-1
4555353,1,0,,2,,1,1
4674903,1,0,,2,,1,1
4574708,1,133,100.0,1,0,1,1
4696099,1,0,,2,,1,-1
4697300,1,364,0.0,2,3,-1,0
4602936,1,99,,2,,1,1
4770319,1,0,,2,,0,-1
4656901,1,0,,2,,0,0
4806693,2,0,,2,,1,1
4947623,1,16,100.0,2,0,1,1
5266569,1,362,80.0,2,1,-1,-1
5416267,1,0,,2,,-1,-1
5506550,1,199,90.0,2,1,0,0
5743007,1,196,60.0,2,2,-1,-1
5745576,1,10,,2,,1,1
5853836,68,0,99.0,2,0,0,0
6136342,1,358,,2,,1,0
5987705,5,346,100.0,2,0,0,0
6197994,1,0,,2,,1,1
6211581,1,247,100.0,2,0,0,0
6260716,1,0,,1,,0,0
6307603,1,227,90.0,2,2,1,1
6454645,1,0,,2,,1,0
6608686,3,2,100.0,2,1,0,0
6631831,1,0,,2,,0,0
6725364,1,2,100.0,2,0,-1,-1
6736599,1,0,,2,,1,1
6764772,1,0,,2,,0,0
6746746,1,0,,2,,1,1
6668409,12,0,,2,,1,1
6675025,12,0,,2,,1,1
6919917,1,0,,2,,0,0
6921651,5,214,100.0,2,0,0,0
6826858,1,0,,2,,0,0
6967533,1,0,,2,,0,0
6990972,1,0,,2,,1,1
7001191,1,363,,2,,-1,-1
7048241,1,0,,2,,-1,-1
7067193,1,0,,2,,0,0
7126716,1,0,,2,,0,0
7155575,1,358,,2,,-1,-1
7161589,1,0,,2,,0,0
7272144,1,0,100.0,2,1,0,0
7296933,1,254,,2,,-1,-1
7299888,68,331,99.0,2,0,-1,-1
7334194,1,0,,2,,0,0
7267594,1,46,100.0,2,0,1,1
7395948,1,0,,2,,1,1
7398532,1,1,100.0,2,0,1,1
7457368,1,364,0.0,2,3,0,0
7560324,1,0,,2,,1,1
7644798,2,0,,2,,1,1
7658875,1,306,90.0,2,2,1,1
7599950,1,7,100.0,2,0,0,0
7677111,1,0,,2,,0,0
7607605,1,0,,2,,-1,-1
7624293,1,0,,2,,1,1
7686703,2,0,,2,,1,1
7890896,1,0,,2,,1,1
7707109,68,324,99.0,2,0,-1,-1
7869412,1,0,,2,,-1,-1
8097866,1,230,100.0,2,0,0,0
8008610,1,0,,2,,0,0
8280416,1,0,,1,,1,-1
8143461,102,338,53.0,2,2,0,0
8356404,1,279,,2,,-1,-1
8626791,1,362,100.0,1,2,1,1
8747930,1,0,,2,,1,0
9003857,1,0,,2,,0,0
8929766,1,0,,2,,1,1
8978922,74,45,58.0,2,2,1,1
9093970,1,0,100.0,1,0,0,0
9100637,1,0,,2,,0,0
9164152,1,0,,2,,-1,-1
9191486,1,254,,2,,1,-1
9323943,1,0,,2,,1,1
9521230,1,73,100.0,2,0,0,0
9835653,1,0,,2,,0,0
9850431,41,65,99.0,2,0,0,0
9628436,1,0,,2,,1,-1
9884091,1,0,,2,,1,1
9786323,1,0,,2,,-1,0
9952351,1,0,,2,,0,0
10308241,1,0,,2,,1,1
10315266,1,243,90.0,2,0,-1,-1
9990052,2,269,100.0,2,0,0,0
10330977,1,363,100.0,2,0,0,0
10007224,1,0,,2,,-1,-1
10009143,1,315,,2,,1,1
10177415,1,334,100.0,2,0,-1,-1
10187638,1,0,,2,,0,0
10049291,141,152,100.0,2,0,1,1
10461161,1,0,20.0,2,3,-1,-1
10266213,1,0,,2,,-1,-1
10534837,1,231,100.0,1,0,-1,-1
10777269,1,0,,1,,0,0
10640909,1,0,,2,,0,0
10930100,6,269,67.0,2,1,0,-1
11076926,1,253,100.0,1,0,-1,-1
11195250,1,0,,2,,1,1
11254840,2,0,,2,,1,1
11436236,2,243,100.0,2,0,1,1
11559006,1,74,67.0,2,2,-1,-1
11450917,2,336,100.0,2,0,1,1
12086068,1,56,,2,,0,0
12087891,1,167,100.0,2,1,0,0
11895850,2,241,25.0,2,3,-1,-1
12196813,1,364,100.0,2,0,1,1
12198163,1,0,,2,,0,0
12217315,11,353,6.0,2,3,1,1
12237327,1,82,100.0,2,1,1,1
12264956,1,325,100.0,2,1,-1,-1
12575495,1,358,,2,,-1,-1
12461590,1,0,,1,,1,1
12490398,4,20,100.0,2,0,1,1
12593463,1,346,,2,,-1,-1
12666900,1,0,,2,,0,0
12505796,1,365,,2,,0,1
12682231,1,364,,2,,-1,-1
12661406,1,0,100.0,2,0,1,1
12925207,1,0,,1,,-1,-1
12826279,1,141,100.0,2,0,0,0
12845041,1,0,,2,,1,0
13050861,1,0,,2,,-1,1
13051365,1,313,100.0,2,0,1,1
13053546,1,0,,2,,0,0
13253141,1,0,,2,,1,1
13275499,1,0,,2,,1,1
13181865,1,0,,2,,0,0
13257209,1,11,,2,,-1,-1
13293072,1,0,,1,,-1,-1
13262896,11,360,6.0,2,3,1,1
13295529,1,362,50.0,2,2,-1,-1
13365316,1,0,,2,,0,0
13389863,2,14,,2,,-1,-1
13344259,36,332,100.0,2,0,-1,-1
13519930,1,138,100.0,2,0,-1,-1
13600836,1,0,,2,,1,1
13602090,19,88,100.0,2,0,-1,-1
13705258,1,107,83.0,2,0,0,0
13713039,1,0,,2,,1,0
13586390,1,0,,2,,-1,-1
13658730,1,0,,1,,1,1
13736006,1,0,,2,,-1,-1
13756206,1,70,100.0,2,0,1,1
13872071,1,0,,2,,0,0
13813405,1,0,,2,,1,1
13956913,1,0,,2,,-1,-1
13989978,1,356,100.0,2,1,1,1
14193443,6,0,,2,,0,0
14230902,13,317,100.0,2,0,1,1
14114356,1,0,,1,,1,1
14275153,1,82,100.0,2,1,-1,-1
14173173,1,0,,2,,1,1
14066049,1,0,,2,,0,0
14175814,1,265,,2,,1,1
14178982,1,0,,2,,-1,-1
14358983,1,305,100.0,2,0,1,1
14628856,2,0,,1,,0,0
14753339,1,0,,2,,1,1
14540984,1,281,100.0,2,0,0,0
14791770,1,215,100.0,2,0,1,1
14574055,1,0,,1,,1,1
15013954,1,0,,2,,-1,1
15107916,1,17,100.0,2,2,-1,-1
15110831,3,170,100.0,2,0,-1,-1
14852046,1,363,100.0,2,1,0,0
15131768,25,287,64.0,2,2,1,1
15593539,19,28,100.0,2,0,-1,-1
15281334,1,281,60.0,2,2,-1,-1
15637733,1,196,,2,,-1,-1
15646678,1,0,,2,,0,0
15462775,1,252,100.0,2,1,-1,-1
15673624,1,0,,2,,-1,-1
15487716,3,0,,2,,1,1
16021074,1,358,,2,,-1,-1
15881622,19,174,98.0,2,0,0,1
15899428,1,0,,2,,1,1
16045277,1,109,100.0,2,1,0,0
16219495,1,0,,2,,0,0
16331783,2,343,100.0,2,1,-1,-1
16433885,26,294,100.0,2,0,0,-1
16539736,1,0,,1,,1,1
17118376,1,162,,2,,1,1
17369914,1,0,,2,,-1,-1
17548344,1,0,,2,,0,0
17477446,1,365,100.0,2,0,0,0
17746348,1,211,100.0,2,0,1,1
17510295,26,312,100.0,2,0,0,0
17760915,4,0,,1,,-1,-1
17769356,1,335,100.0,2,1,0,1
17784695,1,0,,1,,0,0
17874094,1,0,,2,,1,-1
18074771,1,0,,2,,-1,0
18245894,1,0,,2,,0,0
18205045,3,204,100.0,1,0,-1,-1
18543640,1,0,,2,,1,1
18301068,1,0,,2,,0,0
18341049,1,274,100.0,2,0,1,1
18592217,1,0,,2,,-1,-1
18501263,1,0,,2,,0,-1
18627010,1,0,,2,,-1,-1
18861731,1,0,100.0,2,1,0,0
18733658,1,0,,2,,1,1
18679358,25,364,64.0,2,2,1,1
18680077,1,0,,2,,1,0
18689741,3,0,100.0,2,0,1,1
18797660,1,246,100.0,2,0,-1,-1
18985577,1,0,,2,,-1,-1
19154606,1,326,100.0,2,0,0,0
19099840,1,0,,2,,0,0
19268981,130,0,58.0,2,2,0,0
19116969,10,151,100.0,2,0,-1,-1
19373778,1,173,75.0,2,1,1,1
19237646,1,73,100.0,2,1,0,-1
19424607,1,0,,2,,0,0
19444226,57,0,,2,,1,1
19504460,1,0,,2,,0,0
19463468,90,365,74.0,2,2,1,1
19482743,1,0,,2,,0,0
19689279,3,0,,1,,1,1
19567542,1,0,,2,,0,-1
19657406,1,0,,2,,-1,-1
19657742,12,0,,2,,-1,-1
19670127,1,0,,2,,-1,-1
19673508,1,329,100.0,1,0,1,1
19728487,1,0,,2,,0,-1
19755546,3,0,,1,,0,0
19755723,3,0,,1,,0,0
19795939,1,154,90.0,2,2,-1,-1
20159456,1,0,,2,,1,1
20080633,1,365,,2,,0,0
20022170,1,0,,2,,1,1
20174468,1,326,100.0,2,0,0,0
20262163,1,157,40.0,2,3,-1,0
20267185,1,0,100.0,2,0,0,0
20218377,2,160,100.0,2,0,-1,-1
20320861,1,48,100.0,2,1,1,1
20471723,1,83,100.0,2,2,1,1
20241076,2,334,90.0,2,1,0,0
20414473,1,0,,2,,1,1
20605635,1,132,100.0,2,0,-1,-1
20781169,1,160,,2,,-1,-1
21067601,1,270,,2,,-1,-1
20929848,1,0,,2,,0,0
20816563,1,0,,2,,1,1
21250979,1,167,100.0,2,1,0,0
21202743,1,0,,2,,-1,-1
21465041,1,0,,2,,-1,-1
21329599,90,280,74.0,2,2,-1,-1
21659430,1,0,,1,,1,1
21673538,1,360,83.0,2,0,-1,-1
21834117,1,150,100.0,2,1,-1,-1
21857142,2,300,100.0,2,0,-1,-1
22025788,1,0,,2,,0,0
21769040,5,0,,2,,-1,0
21780368,8,285,100.0,2,0,1,1
22398638,1,0,,2,,-1,0
22398948,1,0,,2,,1,1
22133154,1,179,67.0,2,2,0,0
22511432,1,0,,2,,0,0
22521435,1,88,,2,,-1,-1
22647020,1,9,90.0,2,0,1,1
22667883,38,355,100.0,2,0,1,1
22828500,2,271,100.0,2,0,1,-1
22669204,1,142,0.0,1,3,1,1
22889414,1,0,,2,,0,0
23036313,2,0,,2,,0,0
23118333,1,225,100.0,2,1,1,-1
23316029,1,0,,2,,1,1
23321708,4,0,,3,,-1,-1
23322168,4,0,,3,,0,0
23101918,4,0,,3,,1,1
23369363,1,0,100.0,2,0,1,1
23274321,1,0,,2,,-1,-1
23464119,1,365,,2,,1,0
23474118,1,229,,2,,1,1
23769001,1,359,100.0,2,2,1,1
23811283,1,0,,2,,-1,-1
23709163,16,295,0.0,2,3,0,0
24225710,1,19,100.0,2,0,1,1
24239004,370,363,100.0,2,0,-1,-1
24132831,102,364,53.0,2,2,1,1
24133705,1,0,100.0,2,1,1,1
24255601,2,271,100.0,2,0,1,0
24507692,2,0,100.0,2,0,1,1
24698217,2,179,,2,,0,0
24723313,1,0,,2,,0,0
24847256,1,0,,1,,-1,-1
24853811,1,269,100.0,2,0,-1,-1
24862301,1,0,,2,,-1,-1
24934385,1,341,100.0,2,2,0,-1
25312836,2,58,100.0,2,0,1,1
25039201,1,177,,2,,1,0
25285583,1,365,0.0,2,3,1,1
25876303,12,314,100.0,1,1,1,1
25503255,1,336,100.0,2,0,1,1
25876305,12,285,100.0,1,1,1,-1
25876309,12,313,100.0,1,1,-1,-1
25876312,12,281,100.0,1,1,0,0
25790941,5,365,,3,,-1,-1
25790942,5,365,,3,,1,1
25790947,5,365,,3,,-1,-1
25790949,5,365,,3,,0,0
25790954,5,365,,3,,1,1
25923831,1,12,,2,,1,1
25839392,1,0,,2,,1,1
25965984,2,0,,1,,1,1
26046499,5,276,100.0,3,0,0,-1
26046502,5,247,100.0,3,0,0,0
26046504,5,191,100.0,3,0,-1,-1
26046506,5,223,100.0,3,0,1,1
25876280,12,319,100.0,1,1,1,1
25876283,12,319,100.0,1,1,-1,-1
25876285,12,311,100.0,1,1,0,0
25876288,12,200,100.0,1,1,0,0
25876290,12,245,100.0,1,1,1,1
25876292,12,299,100.0,1,1,-1,-1
25876295,12,235,100.0,1,1,1,1
25876299,12,302,100.0,1,1,0,0
26154066,1,0,100.0,2,0,-1,-1
26291122,1,38,100.0,1,1,0,0
26175947,10,0,,1,,0,0
26175949,10,0,,1,,0,0
26175957,10,0,,1,,1,1
26175960,10,0,,1,,0,0
26175965,10,0,,1,,1,1
26175968,10,0,,1,,-1,-1
26175971,10,0,,1,,-1,-1
26175977,10,0,,1,,1,1
26175983,10,0,,1,,1,1
26175986,10,0,,1,,1,1
26188730,2,177,100.0,2,0,-1,-1
26243676,1,0,,2,,1,1
26335476,1,0,,2,,0,0
26255789,1,263,,2,,1,1
26458850,1,0,,2,,0,0
26489519,1,365,,2,,-1,-1
26582414,1,2,80.0,2,0,-1,-1
26612366,1,89,,2,,0,0
26771703,1,0,0.0,2,3,0,0
27030906,1,349,100.0,2,0,1,1
27041926,1,268,100.0,2,0,-1,0
27385244,3,0,,3,,1,1
27385245,3,0,,3,,-1,-1
27385250,3,0,,3,,1,1
27593922,1,0,,2,,1,0
27416168,1,297,100.0,2,0,-1,-1
27534288,1,0,,3,,1,-1
27618424,1,291,40.0,2,3,-1,-1
27619402,2,0,60.0,2,2,-1,-1
27980135,2,173,,3,,-1,-1
27980145,2,173,,3,,0,0
27675799,1,0,,2,,1,1
27717265,4,271,100.0,3,2,1,1
27717267,4,232,100.0,3,2,-1,-1
27717270,4,330,100.0,3,2,0,0
27717274,4,344,100.0,3,2,1,1
28043062,1,0,100.0,2,0,1,1
28097256,1,295,100.0,2,2,1,1
28273412,4,225,100.0,2,0,1,1
28273467,4,234,100.0,2,0,1,1
28784098,2,0,,2,,1,1
29155878,1,0,,2,,0,0
29024694,4,50,,3,,0,0
29024697,4,52,,3,,-1,-1
29024700,4,50,,3,,0,0
29024703,4,52,,3,,-1,-1
29052649,1,0,,2,,1,1
29295556,1,0,,2,,-1,-1
29814060,1,31,100.0,2,0,1,1
29854959,1,87,,2,,-1,-1
29951698,1,0,,2,,-1,-1
29982991,1,363,,2,,0,0
30142503,1,0,,2,,0,0
30166721,1,0,,2,,-1,-1
30483712,2,202,100.0,2,0,1,1
30346555,1,0,,1,,0,0
30393336,6,222,100.0,2,0,-1,-1
30394569,6,236,100.0,2,0,0,0
30394812,6,255,100.0,2,0,0,-1
30422467,1,0,,2,,1,1
30734076,1,152,100.0,2,1,-1,-1
30739714,2,0,,2,,1,1
30782343,26,300,100.0,2,0,0,0
31203256,1,358,,2,,1,1
31405044,14,310,100.0,2,0,1,1
31414254,1,0,,2,,0,0
31540364,1,254,100.0,2,0,1,1
31579911,1,254,,2,,0,0
32279110,2,319,100.0,2,0,-1,-1
32336751,1,0,,2,,-1,-1
32348407,1,0,,2,,1,1
32355100,3,315,100.0,3,0,-1,-1
32355103,3,316,100.0,3,0,0,0
32100221,1,74,100.0,2,1,1,1
32355105,3,291,100.0,3,0,0,0
32536289,9,343,100.0,2,0,1,1
32639989,1,187,,2,,-1,-1
32951261,2,0,,2,,0,0
32958902,1,0,,2,,0,0
32963578,1,126,100.0,2,1,1,1
32972091,26,165,100.0,2,0,-1,-1
32977710,170,200,95.0,2,0,0,0
32741522,1,89,100.0,2,0,0,0
33009623,1,0,,2,,0,0
33031803,1,0,,2,,0,0
33092275,57,317,,2,,1,1
33327283,1,0,,2,,-1,-1
33103240,1,0,,2,,0,0
33516158,7,0,,3,,1,1
33516162,7,0,,3,,-1,-1
33516164,7,0,,3,,1,1
33516166,7,0,,3,,1,1
33516172,7,0,,3,,0,0
33516176,7,0,,3,,1,1
33516177,7,0,,3,,-1,-1
33468448,1,53,100.0,2,0,1,1
33684178,2,0,,2,,0,0
33696094,1,28,,2,,-1,-1
33709275,1,0,,1,,-1,-1
33713240,1,0,,2,,0,0
33921773,2,220,0.0,3,3,0,0
33921781,2,220,0.0,3,3,0,0
33840036,1,0,,2,,-1,-1
34112138,1,0,,2,,0,0
34326913,2,223,100.0,2,0,0,0
34333021,1,0,100.0,2,0,1,1
34246778,1,116,,2,,-1,-1
34508745,1,0,,2,,-1,-1
34295818,1,9,90.0,2,1,-1,-1
34419260,1,0,,2,,-1,-1
34435669,1,127,100.0,2,0,1,1
34461006,24,37,100.0,2,0,0,0
34715119,1,363,,2,,1,1
34926352,2,0,,3,,1,1
34926355,2,0,,3,,1,1
35159755,7,0,,3,,0,0
35159761,7,0,,3,,1,1
35159762,7,0,,3,,0,0
35159766,7,0,,3,,1,1
35159770,7,0,,3,,-1,-1
35159773,7,0,,3,,0,0
35186889,10,256,100.0,2,0,0,1
35147937,6,0,,3,,-1,-1
35147944,6,0,,3,,0,0
35147946,6,0,,3,,0,0
35196328,1,95,100.0,1,0,0,0
35147953,6,0,,3,,-1,-1
35147956,6,0,,3,,1,1
35020531,1,361,,2,,1,1
35381111,1,89,,2,,-1,-1
35286204,1,0,,2,,-1,-1
35295765,1,87,,2,,0,-1
35297767,1,0,100.0,2,0,0,0
35252063,2,53,100.0,2,0,-1,-1
35448573,7,0,,3,,0,0
35341061,1,0,100.0,2,0,0,0
35570479,1,0,,2,,1,0
35457466,2,301,100.0,2,0,1,1
35359292,7,0,,3,,0,0
35359295,7,0,,3,,1,1
35577757,1,87,,2,,1,1
35479359,7,0,,3,,1,1
35371490,6,0,,3,,1,1
35371493,6,0,,3,,1,1
35479494,7,0,,3,,-1,-1
35479496,7,0,,3,,0,0
35479659,7,0,,3,,1,1
35371500,6,0,,3,,1,1
35371512,6,0,,3,,1,1
35632139,1,179,0.0,2,3,1,1
35748350,2,294,90.0,2,0,0,0
35767920,1,0,,2,,-1,-1
35864902,1,363,100.0,2,1,-1,1
35778732,4,0,,3,,0,0
35997580,1,108,100.0,2,0,1,1
36012650,2,31,100.0,2,0,-1,-1
36014345,1,363,,2,,0,0
35896958,5,322,100.0,3,1,1,1
35896959,5,327,100.0,3,1,0,0
35896962,5,343,100.0,3,1,0,0
35896965,5,299,100.0,3,1,-1,-1
35896973,5,264,100.0,3,1,1,1
35898526,4,0,,3,,-1,1
35898528,4,0,,3,,0,0
35898532,4,0,,3,,-1,-1
35898534,4,0,,3,,1,1
35898741,4,115,100.0,3,0,0,-1
35898747,4,100,100.0,3,0,-1,0
36044757,2,3,100.0,2,0,-1,-1
35898750,4,116,100.0,3,0,1,1
35898752,4,145,100.0,3,0,-1,-1
35901807,1,0,,2,,-1,-1
36198729,3,183,100.0,2,0,0,0
35934794,1,0,,2,,1,-1
36248325,2,56,67.0,3,0,0,0
36248931,2,49,67.0,3,0,0,0
36404777,1,0,,2,,0,0
36265154,1,79,88.0,2,1,1,1
36187155,2,61,70.0,1,2,-1,1
36499737,14,44,100.0,2,0,-1,-1
36506551,1,327,100.0,2,0,-1,-1
36616470,1,7,100.0,2,0,0,-1
36660865,1,0,,2,,1,1
36683042,35,0,100.0,2,0,0,1
36590864,90,347,74.0,2,2,1,1
37046265,1,0,,2,,1,1
37108823,1,0,,3,,1,1
37342445,1,0,,1,,1,1
37797318,1,269,,2,,-1,-1
37547148,1,0,,2,,-1,-1
38310764,1,0,,2,,1,1
38068814,1,0,,2,,0,0
38178373,5,48,100.0,2,0,1,1
38398716,2,148,100.0,2,1,1,1
38507623,1,364,,2,,0,0
38512078,2,196,100.0,2,1,0,0
38259986,1,0,,2,,1,1
38271967,1,0,100.0,2,0,0,0
38749676,11,244,87.0,1,0,-1,-1
38892185,7,250,100.0,1,0,0,0
38894910,7,246,100.0,1,0,0,0
38896346,11,257,87.0,1,0,0,0
38897031,11,254,87.0,1,0,1,1
38897336,11,257,87.0,1,0,1,1
38897502,11,252,87.0,1,0,1,1
38901398,10,240,100.0,1,0,-1,-1
38901619,10,215,100.0,1,0,-1,-1
38902050,10,260,100.0,1,0,-1,0
38902134,10,261,100.0,1,0,1,1
38902296,10,215,100.0,1,0,-1,-1
38902399,10,259,100.0,1,0,1,1
38902485,10,250,100.0,1,0,-1,-1
38902606,10,237,100.0,1,0,-1,-1
38902774,10,248,100.0,1,0,0,0
38902986,7,249,100.0,1,0,0,0
38903067,7,237,100.0,1,0,-1,-1
38903200,7,252,100.0,1,0,1,1
38903329,7,234,100.0,1,0,0,0
38903421,7,259,100.0,1,0,1,-1
38903514,7,242,100.0,1,0,0,0
38777219,1,178,100.0,2,0,-1,-1
38796276,20,352,100.0,2,1,-1,-1
38738297,1,0,,2,,-1,-1
38738765,7,198,100.0,1,0,1,1
38886080,10,238,100.0,1,0,1,1
38889095,7,243,100.0,1,0,1,1
38891995,7,257,100.0,1,0,0,-1
39023672,14,301,100.0,2,0,-1,-1
39192519,2,0,100.0,2,0,-1,1
39127299,14,318,100.0,2,0,1,1
39240487,1,0,,2,,1,1
39391912,63,0,97.0,2,1,0,0
39407512,19,55,100.0,2,0,-1,-1
39768520,1,364,,2,,1,1
39542111,141,26,100.0,2,0,0,1
39542184,141,23,100.0,2,0,-1,-1
39670806,1,0,,2,,-1,-1
39556117,2,74,100.0,2,0,1,1
39557033,1,0,,2,,0,0
39574105,1,0,,2,,1,-1
39582227,1,0,,1,,0,0
39595113,19,206,98.0,2,0,-1,-1
40142183,1,0,,1,,0,0
40058475,2,269,,2,,-1,-1
40077962,141,12,100.0,2,0,1,1
40300804,1,319,100.0,2,1,-1,-1
40340450,1,353,100.0,2,0,-1,-1
40464181,1,0,,2,,0,0
40504454,1,83,,2,,-1,-1
40834703,1,1,,2,,-1,-1
40998677,1,0,,2,,-1,1
40741573,1,345,100.0,2,2,1,1
40858584,1,0,,2,,1,1
40900934,1,0,,2,,-1,-1
40912657,1,0,,2,,1,1
40916212,1,14,100.0,2,0,0,0
41331288,1,0,,2,,-1,-1
41676340,1,0,100.0,2,1,-1,-1
41495666,73,316,,2,,1,1
41697365,1,296,100.0,2,0,1,1
41547446,7,0,,1,,-1,-1
41550759,1,0,,2,,0,0
41573351,7,0,,2,,-1,-1
41574041,7,0,,1,,1,1
41576210,7,0,,1,,-1,-1
41576784,7,0,,1,,1,1
41577350,7,0,,1,,-1,-1
41578396,7,0,,1,,1,1
41767894,1,269,,2,,-1,0
41905152,2,365,0.0,2,3,0,0
42191976,6,253,100.0,2,0,-1,-1
42555402,6,238,100.0,2,0,0,0
42684342,102,179,53.0,2,2,-1,-1
42696951,1,255,,2,,0,-1
42604018,4,0,,1,,-1,-1
42449269,1,0,,2,,0,0
42463217,1,365,0.0,2,3,1,1
43344626,1,179,,2,,1,1
42806011,1,365,,2,,0,0
42830589,9,337,,1,,0,0
42830927,4,0,,1,,-1,-1
42831263,4,0,,1,,-1,-1
42831360,4,0,,1,,1,1
43408810,25,362,100.0,2,0,-1,-1
43124912,1,23,100.0,1,0,-1,-1
42831453,4,0,,1,,-1,-1
42872351,1,365,,2,,0,0
43438092,3,0,,2,,1,1
43447832,3,0,,2,,-1,1
42891730,184,328,100.0,2,0,0,0
43675393,1,342,100.0,2,1,0,0
43574265,1,363,,2,,-1,-1
43696956,4,152,100.0,2,0,0,0
43721748,9,27,80.0,2,0,1,1
43722295,1,246,,2,,1,1
43824720,57,244,98.0,2,1,1,1
43895634,1,34,100.0,2,0,1,1
43878674,1,365,,2,,0,-1
43918612,1,340,100.0,2,0,1,1
43953816,816,127,87.0,2,2,1,1
44054719,184,353,100.0,2,0,0,0
44121104,1,0,,2,,1,1
44202550,816,151,87.0,2,2,0,-1
44231788,1,55,100.0,1,0,-1,-1
44171845,2,0,,1,,-1,-1
44410909,2,176,100.0,2,0,0,1
44441275,10,321,100.0,2,0,-1,-1
44441651,10,325,100.0,2,0,0,-1
44454270,816,29,87.0,2,2,1,1
44454355,1,0,,2,,0,0
44532653,1,358,100.0,2,2,1,1
44833589,170,276,95.0,2,0,1,1
45175293,1,0,,2,,1,1
44853762,1,0,,2,,0,0
44975640,121,326,100.0,2,0,1,1
45395117,184,321,100.0,2,0,-1,-1
45407936,1,365,,2,,0,0
45309772,4,102,100.0,2,0,1,1
45082385,1,308,100.0,2,0,1,1
45681190,816,225,87.0,2,2,1,1
45539470,816,279,87.0,2,2,0,0
45695584,816,163,87.0,2,2,0,0
45889835,2,261,70.0,1,2,1,1
45892341,1,263,100.0,2,0,1,-1
45897127,1,179,,2,,1,1
46612980,10,359,100.0,1,0,0,0
46324844,7,365,100.0,1,0,-1,-1
46325160,7,362,100.0,1,0,0,0
46325356,7,347,100.0,1,0,1,1
46613144,10,359,100.0,1,0,0,0
46613280,10,325,100.0,1,0,-1,-1
46613662,7,365,100.0,1,0,1,1
46325580,7,337,100.0,1,0,1,1
46326608,10,362,100.0,1,0,-1,-1
46327137,10,361,100.0,1,0,0,-1
46328552,10,308,100.0,1,0,0,0
46350209,7,307,100.0,1,0,1,1
46686664,1,0,100.0,2,0,1,1
46404969,5,0,100.0,1,0,1,1
46501825,4,305,90.0,2,0,1,1
46101458,1,364,,2,,0,0
46116370,1,0,,1,,1,1
46177979,2,283,80.0,2,1,0,0
47391540,9,0,80.0,2,0,-1,1
47392020,9,28,80.0,2,0,-1,-1
47459951,1,256,100.0,2,0,1,1
47791838,816,106,87.0,2,2,1,1
47792898,1,85,100.0,2,0,1,1
47816074,44,0,100.0,2,2,-1,-1
47839124,816,12,87.0,2,2,0,0
47883631,816,256,87.0,2,2,0,0
48312772,1,358,100.0,2,1,0,0
48321731,816,151,87.0,2,2,1,-1
48580136,10,297,98.0,2,1,0,0
48456686,1,3,100.0,2,0,1,1
48524439,1,332,100.0,2,0,1,-1
48991765,1,257,,2,,0,0
49243011,1,18,100.0,2,1,1,0
49284509,1,0,,2,,-1,-1
49294007,2,291,90.0,2,1,1,1
49312155,9,321,100.0,2,0,-1,-1
49436532,816,105,87.0,2,2,0,0
49645511,1,109,,2,,1,1
49482216,9,335,100.0,2,0,0,0
49494705,45,322,100.0,2,0,-1,-1
49495119,45,321,100.0,2,0,1,-1
49540507,2,328,100.0,2,0,0,0
49672364,1,0,,2,,0,0
49879027,1,0,,2,,0,0
49763806,2,130,100.0,2,0,0,0
49892396,1,352,100.0,2,0,0,0
49791342,1,154,,2,,1,1
49792053,1,358,,1,,0,0
50023100,2,154,90.0,2,1,1,1
50039835,4,0,,2,,1,1
50040290,91,107,,2,,0,0
50041386,74,6,58.0,2,2,0,0
50045844,4,256,100.0,2,0,-1,-1
50142453,141,24,100.0,2,0,1,-1
50145416,2,0,100.0,2,2,0,0
50166539,2,323,90.0,2,1,1,1
50278785,11,286,100.0,2,0,0,0
50299887,1,0,,2,,1,1
50114813,1,0,100.0,2,0,1,1
50316800,1,0,,2,,1,1
50316920,1,0,,2,,0,0
50323726,816,77,87.0,2,2,-1,1
50325789,1,0,,2,,-1,-1
50227110,2,272,25.0,2,3,-1,-1
50539312,216,133,98.0,2,0,-1,-1
50244284,1,243,100.0,2,1,-1,-1
50584974,216,130,98.0,2,0,1,1
50586393,216,163,98.0,2,0,-1,-1
50586394,216,148,98.0,2,0,-1,-1
50669580,216,143,98.0,2,0,0,0
50669581,216,129,98.0,2,0,1,1
50669582,216,126,98.0,2,0,0,-1
50669584,216,129,98.0,2,0,1,1
50669585,216,162,98.0,2,0,1,1
50669586,216,155,98.0,2,0,0,0
50669587,216,151,98.0,2,0,0,0
50669588,216,147,98.0,2,0,1,1
50669589,216,129,98.0,2,0,1,1
50586396,216,127,98.0,2,0,1,1
50586397,216,116,98.0,2,0,-1,-1
50587634,216,145,98.0,2,0,0,0
50588644,7,0,,2,,1,1
50588801,216,150,98.0,2,0,1,1
50689000,816,183,87.0,2,2,1,1
50631256,1,0,,2,,1,1
50633646,170,193,95.0,2,0,1,1
50873378,1,337,100.0,2,2,1,1
50891362,2,109,100.0,2,0,1,1
50724909,1,0,,2,,1,1
50825695,45,317,,2,,1,1
50929468,816,236,87.0,2,2,1,1
50929627,816,44,87.0,2,2,-1,-1
50950812,2,0,93.0,2,0,0,0
50841941,1,311,89.0,2,2,-1,-1
50841970,216,148,98.0,2,0,-1,-1
50860540,1,0,100.0,2,1,1,1
50864901,1,227,100.0,2,0,-1,-1
50870648,216,121,98.0,2,0,-1,-1
50975353,1,322,,2,,0,-1
51052578,19,194,98.0,2,0,0,0
51184645,7,354,100.0,1,0,-1,-1
50998369,7,24,100.0,2,0,-1,-1
51012299,1,339,100.0,2,0,1,1
51297160,3,42,100.0,2,0,1,1
51220692,2,4,100.0,2,0,0,0
51275580,1,27,100.0,2,0,1,1
51426240,27,304,100.0,1,0,-1,-1
51426246,27,324,100.0,1,0,-1,-1
51426411,27,6,100.0,1,0,0,-1
51427221,27,330,100.0,1,0,1,1
51424556,27,203,100.0,1,0,1,1
51425526,27,188,100.0,1,0,0,0
51425816,27,334,100.0,1,0,-1,-1
51487311,27,281,100.0,1,0,1,1
51864795,3,333,100.0,2,0,1,1
51867525,3,319,100.0,2,0,1,1
51976187,19,124,98.0,2,0,0,0
52092593,1,83,0.0,2,3,-1,-1
52020773,19,214,98.0,2,0,1,1
52045346,2,353,100.0,2,0,0,0
52119386,1,254,,2,,-1,-1
52158439,90,287,74.0,2,2,1,-1
52295040,170,0,95.0,2,0,1,1
52302713,1,134,100.0,1,1,-1,1
52312570,6,156,,2,,1,1
52484092,130,160,58.0,2,2,-1,-1
52187330,1,287,83.0,1,0,1,1
52527045,1,0,,2,,-1,-1
52611091,68,158,65.0,2,2,1,1
52398023,816,183,87.0,2,2,1,1
52667937,74,143,58.0,2,2,-1,-1
52733392,2,198,100.0,2,0,0,0
52932109,74,0,58.0,2,2,0,0
52734379,2,208,100.0,2,0,0,0
52847450,4,346,,1,,-1,0
52867429,816,82,87.0,2,2,-1,-1
52979478,816,0,87.0,2,2,0,0
52980501,1,303,100.0,2,0,1,1
52873137,1,0,,1,,1,1
53133307,1,90,100.0,2,1,0,0
53247344,2,106,80.0,1,1,1,1
53063280,72,170,100.0,2,0,1,1
53285560,141,185,100.0,2,0,-1,-1
53211817,1,318,100.0,2,0,-1,-1
53285892,141,26,100.0,2,0,-1,-1
53380893,1,13,100.0,2,0,1,1
53541758,1,364,100.0,2,0,0,0
53394821,370,363,100.0,2,0,-1,-1
53397381,11,242,87.0,1,0,0,0
53360600,1,86,100.0,2,0,1,1
53437645,2,364,,2,,0,0
53437661,2,364,,2,,-1,0
53581369,9,18,80.0,2,0,-1,-1
53661721,3,320,90.0,2,0,1,1
53600755,19,204,98.0,2,0,-1,-1
53696088,2,256,100.0,2,0,0,0
53962502,19,198,98.0,2,0,1,1
53754624,9,17,80.0,2,0,-1,-1
54119165,1,0,,2,,0,-1
53847371,1,281,90.0,2,1,0,0
54010330,141,155,100.0,2,0,-1,-1
53859164,4,342,,1,,-1,-1
54138395,25,118,100.0,2,0,0,0
54015710,2,365,86.0,2,1,-1,-1
53862997,41,100,99.0,2,0,-1,-1
54154280,4,348,,1,,0,-1
54154430,4,312,,1,,0,0
54182401,1,0,,2,,1,1
54203417,2,228,100.0,2,1,-1,-1
54349151,147,202,88.0,2,2,1,1
54349174,147,147,88.0,2,2,1,1
54349307,147,128,88.0,2,2,0,0
54349372,147,196,88.0,2,2,-1,-1
537911236635650631,2,296,100.0,2,1,1,1
54377619,147,170,88.0,2,2,1,1
54403819,1,329,100.0,2,1,0,0
544689154599380412,816,167,87.0,2,2,0,0
546802174083939186,213,268,99.0,2,0,-1,-1
557003420895976573,72,115,100.0,2,0,1,1
553367653211973652,24,271,100.0,2,0,0,0
554056297721156952,2,0,,2,,-1,-1
557666965527815701,1,98,100.0,2,0,0,0
548982981921835287,816,314,87.0,2,2,-1,-1
549052512511151140,11,198,87.0,1,0,0,0
555524661246894300,1,220,100.0,2,2,1,1
549688038849272914,816,353,87.0,2,2,0,0
562789490133248681,1,20,100.0,2,0,0,-1
562908323845309613,6,156,,2,,-1,-1
560034382465427800,8,86,100.0,2,0,0,0
567270003568711651,3,255,90.0,2,0,-1,-1
567749322286572095,2,111,,1,,0,0
572171632862002472,6,0,0.0,1,3,0,0
572178914113188935,6,0,0.0,1,3,-1,-1
572183682320481308,6,0,0.0,1,3,1,1
572187223283589501,6,0,0.0,1,3,-1,-1
572190865843763174,6,0,0.0,1,3,0,0
568123020306704686,1,0,100.0,2,1,1,1
564890107878241104,2,111,,1,,0,0
572902783413603793,1,227,90.0,2,0,0,0
565095645322286011,1,319,100.0,2,0,1,1
569960394887398431,1,1,100.0,2,0,1,1
570410754764554083,1,257,,2,,0,0
575136553861098003,191,332,99.0,2,0,0,0
571760104790972356,1,78,100.0,2,1,1,1
576653956457056389,4,328,100.0,2,0,0,0
578776975207497479,147,144,88.0,2,2,1,1
579008795016151227,63,211,97.0,2,1,-1,-1
582339864607604447,8,198,100.0,2,0,-1,-1
579440595491945647,816,12,87.0,2,2,-1,-1
579608614231778339,1,0,,2,,0,0
579682727934965644,1,205,,1,,1,1
586820414438980738,19,200,98.0,2,0,1,1
587413646189914392,816,50,87.0,2,2,-1,-1
587703105378843795,1,0,,2,,-1,-1
587749873623206933,1,0,86.0,2,2,1,1
590967392647940686,2,0,,2,,0,0
585351531933912781,8,159,87.0,2,2,0,0
594085327971871480,1,7,100.0,2,1,-1,0
594179991671724995,1,0,,2,,1,1
594472545867051694,4,288,100.0,2,0,0,1
591901076019570859,1,0,,2,,1,1
595297179397840943,4,329,100.0,2,0,0,0
603358803923399963,2,157,100.0,2,0,0,0
603470649331945460,45,309,,2,,1,1
603475427410256345,45,330,,2,,1,-1
603511530853226927,1,230,80.0,2,1,0,0
604197295774689485,1,209,100.0,2,0,0,0
604309922107973799,1,46,100.0,2,0,1,1
607805133256605141,1,341,70.0,2,1,-1,-1
601146978123068798,1,0,100.0,2,1,0,0
609106640789714412,10,286,100.0,2,0,0,0
609112785666527042,10,321,100.0,2,0,0,0
609123994045629323,1,324,100.0,2,0,1,1
615720179683430403,1,0,,2,,1,1
612990386232201151,1,157,,2,,-1,-1
609894265082721185,816,28,87.0,2,2,-1,-1
613522230361672646,19,194,98.0,2,0,-1,-1
622491835401149232,1,0,,1,,-1,-1
624714016439758208,20,365,0.0,2,3,1,1
619918231054718987,1,350,67.0,2,2,1,1
624375807769691493,1,169,0.0,2,3,1,-1
630424408480809604,1,285,100.0,1,0,1,1
633816909319451460,816,0,87.0,2,2,1,1
632473658469819873,1,298,100.0,1,0,-1,-1
632556268135822438,1,241,100.0,2,2,-1,-1
634328089288836753,1,0,,2,,-1,-1
632987221939089367,1,292,100.0,2,0,-1,-1
633008082610755252,1,285,100.0,2,0,-1,-1
637589142815041368,1,0,,2,,1,1
638155483170218263,816,226,87.0,2,2,0,0
639541059848241495,74,0,58.0,2,2,1,1
639725043752631615,12,72,100.0,2,0,-1,-1
639725654120558820,12,73,100.0,2,0,0,0
639739501677735477,1,0,,2,,0,0
642100347544926835,20,365,0.0,2,3,1,-1
644037299742822649,1,0,100.0,2,0,0,0
643133749958769882,1,42,100.0,2,0,1,-1
640476038868176116,1,337,100.0,2,1,1,1
641035013393922812,816,9,87.0,2,2,0,0
644785176419646761,19,198,98.0,2,0,0,0
649223800156661385,184,0,100.0,2,0,1,1
649225829419588357,1,0,100.0,2,0,-1,-1
649259112633453785,1,51,100.0,2,1,-1,-1
651054653562096477,2,0,,2,,0,0
648098562183748330,4,0,100.0,2,0,-1,-1
649965505741306628,184,0,100.0,2,0,1,1
650087875508913637,2,0,100.0,2,1,1,1
652604214846443684,72,180,100.0,2,0,1,1
653292371887242169,121,339,100.0,2,0,1,0
655017881750608019,2,0,,1,,1,1
652853693894006739,1,0,,2,,0,1
655680644471425734,1,4,100.0,2,1,0,0
655701525771992963,1,0,100.0,2,0,-1,1
654245362735026734,57,5,99.0,2,0,-1,-1
660540155758373136,2,332,100.0,2,0,-1,0
660583102865952289,2,349,96.0,2,0,0,0
661697087465562276,3,25,100.0,1,0,0,0
662287561261884028,1,0,,2,,1,1
663701464381827824,1,0,,2,,0,0
661266782980850337,1,295,100.0,2,1,0,0
664127343314586001,1,244,100.0,2,0,-1,-1
663451670099707728,204,2,100.0,2,0,1,1
664373418755352725,121,306,100.0,2,0,-1,0
666345413674172297,1,225,,2,,0,0
666588553177238830,1,89,0.0,2,3,0,0
668606060803962851,816,86,87.0,2,2,1,1
669439142362283842,3,19,100.0,1,0,0,0
669616090408633462,3,345,82.0,2,0,-1,0
672275691398554695,1,325,100.0,2,0,-1,-1
674525284050712019,816,288,87.0,2,2,-1,-1
674527854171381537,816,288,87.0,2,2,1,1
673506298244253119,20,365,0.0,2,3,-1,-1
675161071608677177,1,351,100.0,2,0,-1,0
676011457810393847,10,297,100.0,2,0,1,1
681238783413663479,1,192,100.0,2,0,-1,-1
679610328085922064,1,0,,2,,-1,-1
679765220770789631,1,256,,2,,0,0
678031721758706407,1,263,100.0,2,2,1,1
682378065692237912,2,113,100.0,2,2,-1,-1
678807472996794580,130,364,58.0,2,2,0,-1
683652416196198857,1,0,,2,,-1,-1
696337740842692256,1,64,0.0,2,3,0,0
696433710614210796,1,0,,2,,0,0
690962973642108786,8,358,100.0,2,0,0,0
699701349236371561,3,42,90.0,2,0,0,-1
699794573984577195,141,38,100.0,2,0,1,1
699893433427628983,24,228,100.0,2,0,-1,-1
699903402199525432,1,56,100.0,2,1,-1,-1
700013667948229865,2,270,,2,,-1,-1
700451488403848331,816,247,87.0,2,2,1,1
698284013611863410,1,0,,2,,1,1
704882310032960061,8,242,100.0,2,0,0,0
705613085667520572,1,260,100.0,2,0,-1,-1
708541033902709139,2,228,100.0,2,0,-1,-1
705725179597168369,1,0,,2,,1,1
708696934541528736,1,66,100.0,2,0,-1,-1
706362020212859647,121,288,100.0,2,0,1,1
715737903469693967,816,311,87.0,2,2,1,1
714374784329587828,1,274,100.0,2,0,1,1
719759965612476480,8,332,100.0,2,0,0,0
720760305504868291,816,14,87.0,2,2,-1,-1
723195920934451055,2,67,100.0,2,2,1,1
721626584139109180,1,267,100.0,2,0,1,1
722051190960014088,1,11,,2,,-1,-1
724426464229666914,8,304,100.0,2,0,-1,-1
722296136152789636,816,271,87.0,2,2,1,1
729563804746839275,816,323,87.0,2,2,-1,-1
724426696740976326,8,318,100.0,2,0,-1,-1
724515188109588042,8,325,100.0,2,0,1,1
724515900985562047,8,318,100.0,2,0,1,1
726870524936394762,1,322,100.0,2,1,1,1
730890492848738719,38,297,100.0,2,1,1,1
731570159400385684,121,283,100.0,2,0,1,1
731633698295569011,2,273,90.0,2,2,0,0
732438559316139822,1,353,100.0,2,0,1,1
740345850185213356,816,45,87.0,2,2,0,0
735371592298899272,816,299,87.0,2,2,1,1
735372182269438130,816,57,87.0,2,2,-1,-1
741110433896636373,1,287,100.0,2,2,1,1
737549916590697908,17,323,100.0,2,0,1,1
745339779721359510,1,364,0.0,2,3,1,1
746844976877854606,72,134,100.0,2,0,1,1
746942750241540059,102,323,100.0,2,0,-1,-1
747508290570310998,1,0,,2,,1,1
746169726928519064,816,187,87.0,2,2,1,1
753734139316526455,1,362,100.0,2,0,0,0
748405036862816469,1,344,100.0,2,0,-1,-1
757006261289754678,19,205,98.0,2,0,1,1
755629329898504904,1,229,100.0,2,1,1,1
752839815899245165,816,62,87.0,2,2,0,0
760764897055494968,1,88,,2,,1,1
759236089021870532,21,274,100.0,2,0,-1,0
764383276871030094,2,86,100.0,1,0,0,0
759411827218878059,1,241,,2,,-1,-1
759486370299691742,1,0,,2,,0,0
759814463939516907,17,320,99.0,2,0,1,1
759893168607104994,816,137,87.0,2,2,0,0
759947066122822685,1,154,100.0,2,0,0,0
762212452799380414,1,365,33.0,2,3,-1,-1
760562936480548105,1,83,,2,,1,1
760690417963220848,1,365,,2,,-1,-1
762764568237026197,102,356,100.0,2,0,-1,-1
766068877887885144,1,317,,2,,0,0
766451010623638723,8,189,100.0,2,0,0,0
769631835696698592,1,141,100.0,2,0,1,1
769635759399229938,3,0,100.0,2,0,-1,0
772194948353446848,2,122,100.0,2,0,1,1
767253119023489333,3,0,100.0,2,0,0,0
770861435470699476,141,189,100.0,2,0,0,0
770909556109508425,1,3,100.0,2,0,0,0
773017821414890396,102,257,100.0,2,0,-1,-1
775106910764993509,24,283,100.0,2,0,0,0
775141641231531811,816,2,87.0,2,2,1,0
771628855861889457,1,51,100.0,2,0,1,1
777426730476908886,141,201,100.0,2,0,1,1
775471514020885727,1,257,89.0,2,1,0,0
775851061709846190,2,30,90.0,2,1,0,0
778209219542952721,184,310,100.0,2,0,-1,-1
780299593956046729,10,352,100.0,1,0,1,1
780320543842855948,10,309,100.0,1,0,1,1
783103567374543489,2,332,100.0,2,0,0,0
780370810752980181,1,256,100.0,2,1,0,0
780810113266375938,17,333,99.0,2,0,-1,-1
784542648305499057,1,329,100.0,2,1,1,1
784588373815107000,1,120,100.0,2,2,0,0
781063712385618792,10,359,100.0,1,0,1,1
785196315598141365,7,197,100.0,2,0,-1,-1
785196638689240384,7,123,100.0,2,0,0,0
785231403883174717,35,343,97.0,2,0,-1,-1
788158129590484737,12,0,,2,,-1,-1
785413882262801110,1,363,100.0,2,2,0,0
781707833021872770,191,347,99.0,2,0,1,1
781718655481904172,10,363,100.0,1,0,-1,-1
788877238832566408,184,346,100.0,2,0,1,1
781798727486146434,191,333,99.0,2,0,0,0
781826676568017955,191,333,99.0,2,0,-1,-1
786064742716089526,7,0,100.0,2,0,-1,-1
782273812156010821,141,152,100.0,2,0,1,1
795678146329022565,1,38,90.0,2,1,1,1
791073770922564191,141,29,100.0,2,0,0,0
791093758987296222,816,318,87.0,2,2,1,1
791094074203356108,816,4,87.0,2,2,-1,-1
796285450784864268,121,298,100.0,2,0,1,1
798388265960985316,191,344,99.0,2,0,-1,-1
798472039250293596,72,149,100.0,2,0,1,1
800518279132466259,90,137,74.0,2,2,1,1
797591065256962888,816,231,87.0,2,2,1,1
794839404399161497,1,0,,2,,0,0
798083447697347821,20,330,99.0,2,0,0,0
802034124779488937,1,198,,2,,1,1
804893071764478309,141,171,100.0,2,0,-1,0
804895881583352679,141,165,100.0,2,0,-1,1
802800108705598321,1,73,100.0,2,0,0,0
803434049500227601,816,121,87.0,2,2,-1,-1
803447247306151603,8,270,53.0,2,2,-1,-1
803529530321481156,34,365,100.0,2,0,-1,-1
805562839898129709,1,0,100.0,2,0,1,1
805568624775583693,816,252,87.0,2,2,-1,0
810814366118933094,1,89,80.0,2,1,1,1
806382489927086942,816,123,87.0,2,2,-1,1
810930948003604049,184,183,100.0,2,0,1,1
810525409617457121,141,27,100.0,2,0,-1,-1
810527173249395177,141,159,100.0,2,0,-1,-1
812067787596889864,184,72,100.0,2,0,0,0
815107721272549973,141,1,100.0,2,0,0,0
812781936175701951,191,317,99.0,2,0,0,0
813488455941566469,17,1,100.0,2,0,0,0
815724638149939299,1,287,100.0,2,2,0,-1
820815190092854348,16,18,100.0,2,0,1,1
820839413880675094,1,0,,2,,1,1
820891094040513104,184,325,100.0,2,0,1,1
819356501400414108,2,37,100.0,1,0,1,0
821024264261852449,1,31,100.0,2,0,1,-1
821794186849823293,1,0,,2,,-1,-1
826012018596641875,9,302,70.0,2,2,-1,-1
826021235062749383,9,211,70.0,2,2,1,1
823003790586749286,9,225,70.0,2,2,-1,-1
828024213535172679,1,0,100.0,2,0,1,1
828704093738451504,191,314,99.0,2,0,-1,-1
825254136385313076,141,27,100.0,2,0,-1,-1
828806125439840435,2,257,100.0,2,0,0,0
825318582125633053,1,333,100.0,2,0,1,1
833819776854551879,816,349,87.0,2,2,1,1
833891773941567587,2,302,100.0,2,0,0,0
831812034691323453,36,353,100.0,2,0,1,1
833963940349663276,1,129,100.0,2,0,1,1
836225424270714553,1,28,100.0,1,0,-1,-1
836377618882544002,1,359,,2,,1,1
834700817643534202,1,0,,2,,-1,-1
838359182871426881,88,352,100.0,2,0,0,0
838077290955796522,1,0,,2,,1,1
839058298538243468,816,253,87.0,2,2,0,0
836001367758719158,370,363,100.0,2,0,0,0
839088492136073420,816,0,87.0,2,2,1,1
840029186675543399,45,317,100.0,2,0,0,0
843963474107060062,1,364,0.0,2,3,-1,0
844184037198111589,39,0,,2,,1,1
844835989604812672,1,364,,1,,0,1
846396756841886470,8,0,100.0,2,0,1,1
843285929473283667,141,21,100.0,2,0,-1,-1
846888252943970930,2,330,100.0,2,0,1,1
849019376663257314,1,148,100.0,2,1,-1,-1
846074261719011686,141,203,100.0,3,0,0,0
846106092026929203,141,211,100.0,3,0,-1,-1
849194575704480901,1,319,86.0,2,1,-1,-1
849207656793472667,1,238,100.0,2,0,-1,-1
846302984418125038,1,329,100.0,2,0,-1,-1
846333585388413037,816,0,87.0,2,2,-1,-1
851251124399620860,45,339,100.0,2,0,1,1
848250717759584724,141,180,100.0,2,0,0,-1
853564624762144430,130,0,58.0,2,2,-1,-1
850565514025574086,1,116,100.0,2,0,0,0
852253666244099746,2,302,100.0,2,0,1,1
854961686798811645,1,0,,2,,-1,-1
857133331497118311,2,303,100.0,2,0,1,1
862088537331348366,184,311,100.0,2,0,-1,-1
862693097946869183,7,211,100.0,2,0,1,1
864221655004392109,816,134,87.0,2,2,1,1
865151341589622993,8,86,100.0,2,0,-1,-1
865356903334667101,1,364,100.0,2,0,1,-1
865568106246466795,1,315,80.0,2,1,1,1
869939006432631264,1,358,,2,,0,0
867836796209794699,1,362,,2,,0,0
868901507282533721,1,334,100.0,2,0,1,1
872393931062062559,1,363,,2,,-1,-1
873036682394057906,184,285,100.0,2,0,1,1
877330401541154103,1,141,,2,,-1,-1
873768524569941961,816,322,87.0,2,2,-1,-1
877407922851271067,1,364,0.0,1,3,0,0
874378299397672780,3,38,100.0,2,0,-1,-1
876615834871596848,1,344,100.0,2,0,1,1
876748160245975676,816,306,87.0,2,2,-1,-1
875197437012178890,1,358,,2,,-1,-1
878790590090478974,19,206,98.0,2,0,1,1
883075826868342142,184,339,100.0,2,0,1,1
883184361851824307,4,364,91.0,2,0,0,0
883220613397314884,1,0,,2,,0,0
880334543745102572,2,253,88.0,2,0,0,-1
883918098199104705,204,71,100.0,2,0,1,0
880935100351800108,1,364,100.0,2,2,0,0
882573764788327503,1,0,,2,,0,1
884979337938327073,1,278,100.0,2,0,1,1
886938154708846257,3,0,100.0,2,0,0,-1
888342921024993283,816,86,87.0,2,2,1,1
888346134223058423,1,263,,2,,-1,-1
888353688241733256,1,253,100.0,2,0,1,1
888876043391394201,102,0,100.0,2,0,0,0
889041660577625624,816,252,87.0,2,2,0,0
889449004209222595,141,197,100.0,2,0,-1,-1
889452204667064871,141,175,100.0,2,0,1,1
891724075591388590,141,208,100.0,2,0,-1,-1
892656108899693459,4,0,,2,,-1,-1
891890573978479212,370,363,100.0,2,0,-1,-1
896049366158088395,141,171,100.0,2,0,-1,-1
894195568126767283,1,0,,2,,-1,-1
896983625995369577,63,0,97.0,2,1,1,1
894550451533341531,816,71,87.0,2,2,0,0
898188166818711715,141,203,100.0,2,0,1,1
897596576297202866,141,177,100.0,2,0,1,1
899860791660608217,816,263,87.0,2,2,1,1
901876468014794306,1,0,,2,,-1,-1
900112514141768432,1,105,80.0,2,1,1,1
902903028856610536,2,220,100.0,1,0,1,1
902908524680713491,1,153,100.0,2,1,0,-1
902639227286931617,68,108,99.0,2,0,0,1
905425604618421844,1,132,100.0,2,0,0,0
905898589470746536,2,0,,2,,1,1
906986282915913529,141,164,100.0,2,0,0,0
909079293306519762,1,121,100.0,2,1,0,0
907853593710998463,816,268,87.0,2,2,1,1
907921757183609134,144,313,99.0,2,0,-1,-1
907922174138736701,144,199,99.0,2,0,1,1
907122193125782075,1,5,100.0,2,1,0,0
909284672025773271,204,314,100.0,2,0,0,0
908536135826110615,1,0,,2,,0,0
910770584003097513,1,290,0.0,2,3,1,1
911583515307034468,1,333,83.0,2,1,1,1
912399194475014789,1,275,90.0,2,0,1,1
913477855231933260,9,0,100.0,1,2,1,1
912817556797207356,1,0,,2,,1,1
913667950492276792,1,363,100.0,2,1,1,1
912985223348227632,1,345,50.0,2,2,0,0
914268345246049169,1,92,,2,,1,1
915247292847004443,1,326,100.0,2,0,0,0
914454250317961060,1,311,,2,,-1,0
914480909370008144,9,0,100.0,1,2,0,0
917160655858488271,370,362,100.0,2,0,-1,-1
918479928915597638,141,172,100.0,2,0,1,1
919134397884762597,5,339,100.0,2,0,0,0
920147156101311092,1,110,100.0,2,0,0,1
919461237306903143,34,364,100.0,2,0,-1,0
920251430064011022,2,357,100.0,2,2,0,0
920664076539937031,1,287,,2,,0,0
922512409271527679,1,0,,2,,-1,0
922940383653511073,1,312,100.0,2,0,1,1
921839075341763361,1,0,,2,,0,0
921885080905050744,1,100,100.0,2,0,0,0
922127423561328824,1,243,100.0,2,0,1,1
921480763738769152,1,15,100.0,2,0,0,0
922188021148815743,4,129,100.0,2,0,0,0
923810158115492199,170,1,95.0,2,0,-1,-1
923882719762889326,1,0,,2,,1,1
924689498880958117,30,363,100.0,1,0,1,1
924376904114902386,1,0,100.0,2,1,0,-1
924422302711045840,816,44,87.0,2,2,-1,-1
924694887837969949,30,363,100.0,1,0,-1,-1
924507470266597721,30,363,100.0,1,0,1,1
924515540750601306,30,363,100.0,1,0,0,0
924518093269942093,30,363,100.0,1,0,0,0
924522212562513038,30,363,100.0,1,0,0,0
925168860519759805,15,122,94.0,2,0,0,0
927442714134522409,27,312,100.0,2,0,1,1
927446386011988076,1,222,100.0,2,2,0,0
928110081395286090,42,0,99.0,2,0,0,0
928660449158764063,1,0,,2,,0,0
928677990348151272,1,255,,2,,1,1
928710764219519051,21,0,100.0,2,0,0,-1
929631223197428026,1,0,,2,,1,1
928791589150668211,1,327,100.0,2,1,-1,-1
931528906366695528,4,145,100.0,1,0,0,0
929051591099740686,9,0,100.0,1,2,1,1
930276174153954692,816,256,87.0,2,2,0,0
931664415774263335,4,63,100.0,2,0,1,1
930412706310909315,1,169,100.0,2,1,-1,-1
933403704344803517,1,311,100.0,2,0,-1,-1
932329366399776521,184,281,100.0,2,0,0,0
933073354737661076,1,89,,2,,1,1
933075021966201204,1,0,,2,,-1,0
933981264360510219,9,72,75.0,2,2,1,1
934183647081340871,9,109,75.0,2,2,1,1
936986500009216462,1,0,,2,,0,0
938755713578942783,48,352,100.0,2,0,0,0
938049662017568099,27,0,100.0,2,0,-1,-1
940197351771105098,141,151,100.0,2,0,0,0
941094806887538005,1,331,86.0,2,1,1,-1
942658514272912430,7,4,100.0,2,0,1,1
943159436056741835,8,0,100.0,2,0,0,0
941916716347152591,1,0,,2,,1,1
940632212130748087,20,334,99.0,2,0,-1,-1
941941617068409269,1,238,0.0,2,3,1,1
942164304571647876,1,0,,1,,1,1
942540444891050230,1,61,,2,,1,1
942584402035964285,42,2,99.0,2,0,1,1
944712307935341000,1,87,,2,,0,0
944734114370379090,184,342,100.0,2,0,0,0
945367276777593130,184,316,100.0,2,0,1,1
947596347782398533,1,14,33.0,2,3,-1,0
947654347006331699,184,314,100.0,2,0,0,0
946851359449518592,1,244,100.0,2,2,1,0
946857115029059017,2,0,100.0,1,1,1,1
947672468241570718,184,346,100.0,2,0,-1,-1
945553467447191945,1,0,,2,,-1,-1
945590753380537193,19,185,98.0,2,0,-1,-1
945600815997104634,184,298,100.0,2,0,1,1
945627995422223283,184,330,100.0,2,0,0,0
945633953209567546,1,88,0.0,1,3,0,0
947756033228756578,184,304,100.0,2,0,-1,-1
947015625416539648,1,0,,2,,1,0
947162190389669312,1,364,0.0,1,3,0,0
947178212519767133,184,302,100.0,2,0,0,0
949001222425164317,184,326,100.0,2,0,0,1
948287744148954795,1,0,,2,,1,1
949151210347007343,184,338,100.0,2,0,1,1
950491044044564855,184,316,100.0,2,0,1,1
950681915671566956,1,332,90.0,2,2,-1,-1
949787888103051836,1,256,0.0,2,3,0,0
952683343153866017,1,68,100.0,2,2,1,1
952779133025434602,1,362,,2,,1,1
952922603477929712,9,350,100.0,2,1,-1,-1
952923779914180344,1,253,100.0,2,0,1,1
951385513261703755,2,11,70.0,2,0,-1,-1
951452665083622518,1,0,,2,,1,1
951932339299503749,1,0,,2,,-1,-1
954104853456855150,184,347,100.0,2,0,1,0
954308833417956705,1,71,100.0,2,0,-1,-1
953647778797008136,1,12,100.0,2,2,-1,-1
955672338684509652,1,365,,2,,-1,1
957843488302818100,102,286,100.0,2,0,-1,-1
955823035758139521,1,124,,2,,-1,-1
955824397031835365,1,215,100.0,2,2,0,0
956988008660773887,19,317,98.0,2,0,0,0
960065623456634691,130,0,58.0,2,2,-1,-1
961485706702571027,1,358,,2,,-1,1
960610723849925999,1,265,,2,,-1,-1
962317856195697078,1,0,,1,,-1,-1
964175313062836620,1,83,,2,,1,1
964304807250303967,33,194,100.0,2,0,1,1
964345740526750658,1,173,100.0,2,2,1,1
962893496063568692,1,176,,2,,-1,-1
962989394797554881,1,348,100.0,2,1,-1,0
967054443885764727,19,291,98.0,2,0,-1,-1
967691058393311427,1,120,100.0,2,0,1,1
969320399436596807,1,0,,2,,-1,-1
969325296823916443,141,14,100.0,2,0,1,1
970245765235634102,1,269,100.0,2,2,1,1
968104967449651949,1,358,,2,,-1,-1
969445735945734875,2,268,,2,,0,0
969462218653935637,1,70,100.0,2,1,-1,-1
968533589641319719,1,122,100.0,2,0,1,1
969481303252337747,1,141,100.0,2,1,0,0
971506991577834048,2,91,100.0,2,0,-1,-1
973029569531990613,1,364,,2,,1,1
973038339501516100,1,53,,2,,0,0
972867473873058086,1,66,100.0,1,1,-1,-1
974718820807441794,1,269,,2,,0,0
973712047717344248,184,341,100.0,2,0,0,0
975204414667915093,2,43,100.0,2,0,1,1
973811861098482451,2,128,100.0,2,1,1,1
977254613561215807,6,200,100.0,2,0,-1,-1
976067522198302380,1,32,100.0,2,1,1,1
976109959362061949,2,273,,2,,1,1
976212995457978413,1,3,100.0,2,0,-1,-1
976486588257199673,1,330,100.0,2,0,1,0
977432010187220772,1,269,,2,,0,0
976646637355580536,2,318,,2,,0,0
978123227296997788,5,94,100.0,2,0,1,-1
978142544617946110,1,0,,2,,1,0
979462460024027863,1,278,100.0,2,0,0,0
979486504798721028,1,31,100.0,2,0,1,1
979486723022626000,1,321,90.0,2,1,1,1
980371109049325559,1,8,33.0,2,3,-1,1
982673396723275323,2,41,100.0,2,1,1,1
982722001619679531,1,246,100.0,2,0,1,1
982740104979080594,1,322,100.0,2,0,-1,0
983051591898630193,184,310,100.0,2,0,1,1
983054616149758724,184,319,100.0,2,0,0,0
984834200211583400,5,80,97.0,2,0,1,1
983295555883444569,1,10,100.0,2,0,1,1
985349278350260476,1,108,100.0,2,0,0,0
984740071481539588,2,269,96.0,2,0,0,0
986094158438117652,2,306,,2,,1,1
988195452944523072,1,178,100.0,2,0,0,0
986180692294457272,121,304,100.0,2,0,-1,1
989865954145629264,10,0,100.0,2,0,1,1
988132067699279111,2,0,,2,,0,0
990303075114579254,8,93,100.0,2,0,0,0
989170529500175641,370,362,100.0,2,0,1,1
990687386862288381,1,0,,2,,0,0
992726098934345992,1,24,100.0,2,0,-1,-1
991042366496847681,34,0,100.0,2,0,0,0
993209623931285505,4,103,100.0,2,1,0,0
994195935576096676,1,76,90.0,1,2,1,1
993366530097020792,1,28,100.0,1,0,-1,-1
993909239651751467,9,351,100.0,2,0,0,0
993998281810943872,1,0,,2,,-1,-1
997037201537697976,1,237,100.0,2,2,-1,-1
997499183678963825,1,0,70.0,1,0,1,1
998961872093653610,816,270,87.0,2,2,1,1
999002946566571378,1,0,50.0,2,2,0,0
999159419721647953,141,155,100.0,2,0,1,1
999266671386110799,3,269,90.0,2,2,1,1
999266679376145297,3,261,90.0,2,2,0,0
998362185133160001,204,314,100.0,2,0,0,0
998362298457246757,204,297,100.0,2,0,0,0
999791894791526080,9,339,100.0,2,0,-1,-1
1000496571972594074,1,357,,2,,1,1
1002269849703957666,6,351,100.0,2,0,-1,-1
1002821788230469550,1,89,,2,,-1,-1
1001232776784508975,9,339,100.0,2,0,1,1
1004294135938150493,7,0,,1,,1,1
1001866935188273365,1,83,0.0,1,3,-1,-1
1004778253073913352,6,0,0.0,1,3,-1,0
1003599537644152960,1,257,,2,,-1,-1
1004929857362002851,6,0,,1,,-1,1
1008708683137971277,34,232,100.0,2,0,-1,-1
1005762461101659822,2,301,100.0,2,0,-1,-1
1005873863853480513,1,247,30.0,2,3,1,1
1006006558861169063,8,353,100.0,1,0,1,1
1006051154415144822,8,272,100.0,1,0,-1,0
1006058828311188822,8,269,100.0,1,0,1,1
1006148412416043397,8,353,100.0,2,0,1,1
1009118964193816022,23,157,100.0,2,0,-1,-1
1009310059681330533,6,201,100.0,2,0,0,0
1010977546029926854,1,81,100.0,1,0,-1,-1
1012121862137395526,1,179,0.0,2,3,0,0
1013659645152994081,8,323,100.0,2,0,-1,-1
1013664935529572389,8,336,100.0,2,0,1,1
1011418115840566788,5,316,100.0,2,0,-1,-1
1012292576113001046,1,0,100.0,2,1,1,1
1012788312298545060,25,355,100.0,2,0,0,1
1012993453903860298,45,61,100.0,2,0,1,1
1013023351532968605,45,58,100.0,2,0,-1,-1
1013024145346387920,1,357,,2,,1,1
1013040299582920381,1,364,,2,,1,1
1013115825016730727,9,30,100.0,2,0,1,1
1015886774612536192,1,269,0.0,2,3,1,-1
1015800922233222203,1,0,,2,,0,0
1017416161602129006,1,0,,2,,-1,-1
1018723713328742213,1,364,,2,,0,0
1019645364025139380,1,161,100.0,2,0,-1,-1
1021704877608860038,16,140,100.0,2,0,1,1
1022407881661828925,1,269,,2,,0,0
1023791837568644069,141,214,100.0,2,0,1,1
1025408262429591231,1,0,,2,,1,1
1023207522070718483,1,263,100.0,2,0,-1,0
1025911523271170069,9,166,75.0,2,2,-1,-1
1025922829289692460,370,363,100.0,2,0,-1,-1
1025939362998759778,370,363,100.0,2,0,1,1
1025964215767534118,1,35,69.0,2,2,-1,-1
1025973487362891344,9,97,75.0,2,2,-1,-1
1024597009841108266,1,296,100.0,2,0,1,1
1026489070081004269,1,15,100.0,2,0,0,0
1028416280043983787,1,267,0.0,1,3,1,1
1030109993536044419,1,0,,2,,-1,-1
1030211817740335495,44,0,100.0,2,0,1,1
1027461491324100202,91,2,,2,,-1,-1
1028814088239041528,141,203,100.0,2,0,0,0
1030369378969675444,88,255,100.0,2,0,0,0
1030615640515693564,8,177,100.0,1,0,1,1
1030948933127251948,8,270,100.0,1,0,-1,-1
1030815771836131955,8,177,100.0,1,0,0,0
1029117835809026377,184,0,100.0,2,0,1,1
1031252878520984970,1,130,100.0,2,1,1,1
1033352030577062675,77,318,100.0,2,2,-1,-1
1031664089096073526,13,0,100.0,2,0,1,1
1034147641714789605,1,364,,2,,-1,-1
1031766085924064083,1,351,100.0,2,1,0,0
1033415189760723761,1,364,,2,,-1,-1
1034524563813498795,3,336,100.0,2,0,0,0
1034596285332768623,1,87,,2,,0,0
1034610323502867679,102,139,100.0,2,0,1,1
1034623474259913011,3,240,100.0,2,0,0,0
1034726446352230360,3,266,100.0,2,0,1,1
1032641348296998047,184,329,100.0,2,0,-1,1
1034745763294719104,121,292,100.0,2,0,1,1
1034077814080223978,184,351,100.0,2,0,1,1
1035313527546805315,6,329,94.0,2,0,-1,-1
1036372935193689020,45,226,100.0,2,0,1,1
1035435731517537689,6,124,100.0,1,0,0,0
1035435824192866875,6,134,100.0,1,0,1,1
1035435827057753930,6,133,100.0,1,0,-1,-1
1035435925777486610,6,135,100.0,1,0,-1,-1
1035435926550603691,6,138,100.0,1,0,1,1
1035436029685290731,6,120,100.0,1,0,1,0
1036769097515599836,1,304,100.0,2,0,1,1
1035494887098421006,73,14,,2,,-1,-1
1035260608676609758,113,268,75.0,2,2,-1,1
1038293185528734950,1,0,,2,,-1,-1
1036026734293910313,1,139,100.0,2,2,0,-1
1036027015239575544,68,215,99.0,2,0,-1,-1
1039067948234576204,2,302,100.0,2,0,0,-1
1038439029696376389,2,0,100.0,2,0,1,1
1039135363214852772,2,307,100.0,2,0,0,0
1039257971213108347,1,105,0.0,2,3,1,1
1039775872829879220,1,263,,2,,1,1
1041402778528095277,23,0,100.0,2,0,-1,-1
1041419403124899430,1,255,60.0,2,2,1,1
1039842969340429933,4,34,100.0,1,0,1,1
1039849322865945351,4,33,100.0,1,0,0,0
1041777551138643116,184,297,100.0,2,0,1,1
1041838202927751172,1,358,,2,,1,1
1043470265526890636,2,0,,2,,0,0
1044778922265736646,1,156,100.0,2,0,0,0
1046876062059542149,18,0,100.0,2,0,-1,-1
1045629978683232981,1,0,,2,,1,1
1045414852365658871,45,352,94.0,2,0,-1,-1
1046998637855388513,191,326,99.0,2,0,0,0
1047061871850465132,370,363,100.0,2,0,-1,-1
1046176578472570763,113,324,75.0,2,2,0,0
1048573595137799419,7,226,100.0,2,0,1,1
1048409752241799525,5,288,95.0,2,0,-1,-1
1049366126590276267,25,173,64.0,2,2,0,0
1049833261720974389,191,356,99.0,2,0,0,0
1049259275902344573,1,148,70.0,2,2,1,1
1052202590499595067,6,293,99.0,2,0,-1,-1
1049962009408778758,1,0,,2,,0,0
1051310623609923800,5,308,100.0,2,0,-1,1
1052704096731889488,2,0,60.0,2,1,1,1
1050509062942906341,69,232,95.0,2,0,-1,-1
1054173138786710095,1,8,100.0,2,1,1,1
1054350979456328754,1,168,0.0,2,3,1,1
1055730682132915508,1,269,0.0,2,3,1,-1
1055735288428953585,1,263,,2,,-1,-1
1054536939530012956,2,318,100.0,1,0,0,0
1055868582318336137,1,263,,2,,-1,-1
1055940525192192965,1,267,,2,,0,0
1055029714114946850,2,0,,2,,-1,-1
1055052159721471431,2,0,,2,,1,1
1055071714989725297,12,324,100.0,2,0,-1,-1
1055095228936782097,8,107,94.0,2,0,0,0
1055146850335904900,1,269,,2,,0,0
1056476505818415023,1,193,50.0,2,2,0,0
1060674457719973419,1,0,,2,,-1,-1
1059605941818495141,25,360,64.0,2,2,1,1
1060791226302168804,1,269,,2,,0,0
1060798762872788178,141,33,100.0,2,0,1,1
1058589914478201069,1,269,,2,,0,0
1060910354255621958,1,0,,2,,-1,-1
1060061150476077454,1,263,,2,,1,1
1060076206364819456,121,329,100.0,2,0,0,0
1060992288100601956,20,0,88.0,2,0,-1,-1
1061374652986152066,2,66,80.0,2,1,1,1
1061427710674610309,19,217,98.0,2,0,-1,-1
1062381244541642082,1,256,,2,,0,0
1062029016198078232,816,82,87.0,2,2,0,0
1063872035868113541,4,0,,2,,0,0
1064460912337052596,9,263,33.0,2,3,-1,-1
1064482627733047485,5,48,100.0,2,0,1,1
1065351887620893488,1,13,,2,,1,1
1065576834159517742,1,266,100.0,2,0,-1,-1
1066083933546044606,2,260,90.0,2,1,-1,-1
1064979033175941054,2,15,100.0,2,0,-1,-1
1067336010480938571,7,49,100.0,1,0,1,-1
1067344699829870447,7,251,100.0,1,0,-1,-1
1066689393962355267,10,16,100.0,2,0,1,0
1068858031561879193,1,104,100.0,2,1,1,1
1068886773852187071,1,12,,2,,0,0
1069404020425415356,7,196,100.0,1,0,1,1
1070239827176548235,1,269,,2,,-1,-1
1070249817446805997,5,0,100.0,2,0,1,1
1070263506549184122,1,267,,2,,-1,-1
1069575562185159114,1,223,67.0,2,2,1,0
1069645539875141665,1,0,100.0,2,0,-1,-1
1069492379796557475,1,269,,2,,-1,-1
1069678753483886804,5,0,100.0,2,0,-1,0
1070029789759866361,102,340,100.0,2,0,0,0
1070779291716206927,4,133,60.0,2,2,-1,-1
1070832457559446937,1,0,,2,,0,0
1070865909210631354,9,0,100.0,1,2,0,0
1071671215504124976,4,0,,2,,-1,-1
1070942552605442551,816,268,87.0,2,2,1,1
1071020436354803291,9,0,100.0,1,2,-1,-1
1071844015695678679,4,153,100.0,2,0,1,1
1071494132689875557,1,269,100.0,2,2,-1,-1
1072421984563119657,1,161,,2,,1,1
1073702175892868887,24,130,96.0,2,0,1,1
1073894409940916009,1,0,100.0,2,1,0,0
1073904239433165476,61,0,100.0,2,0,1,1
1074589249553850236,28,98,3.0,2,3,1,-1
1074608173086927543,1,269,,2,,1,1
1075050108575147178,141,27,100.0,2,0,1,0
1075131325801330905,170,181,95.0,2,0,1,1
1075230796237995439,121,324,100.0,2,0,0,0
1077360690249409720,1,87,,2,,1,1
1077400280648582586,1,253,100.0,2,0,1,1
1076604320416650284,184,324,100.0,2,0,1,1
1075447205609755444,1,171,94.0,2,1,1,1
1076690039564992664,1,263,100.0,2,0,0,1
1075949095616845448,15,228,100.0,2,0,0,0
1076807723521029683,1,365,0.0,2,3,1,1
1077224115182195307,8,313,100.0,2,0,-1,-1
1077224116223694415,8,333,100.0,2,0,0,-1
1077225131639147183,8,336,100.0,2,0,1,1
1077225134109396230,8,314,100.0,2,0,0,0
1079508410591111395,11,119,100.0,2,0,0,0
1079541192783426742,1,166,100.0,2,0,-1,-1
1080378252564603029,1,179,0.0,2,3,0,0
1080382468646501348,7,337,,2,,-1,-1
1080405047590938819,1,323,100.0,2,1,1,1
1079697904364918956,45,13,100.0,2,0,1,1
1079726489035058170,1,269,25.0,2,3,0,0
1080943945230018972,24,279,100.0,2,0,1,1
1081104267455941188,7,269,0.0,2,3,1,1
1081197781550957409,1,365,,2,,-1,-1
1081206585861772315,7,336,,2,,0,-1
1082449418290115648,1,73,,2,,1,1
1081771591323731195,4,0,,2,,0,0
1081813751193630793,1,253,100.0,2,0,0,0
1081840073652296121,4,0,,2,,-1,-1
1084770142975181841,1,269,,2,,0,0
1084890809874236931,1,257,100.0,2,2,-1,0
1085011309361359514,1,268,,2,,-1,-1
1084577806349336868,39,34,94.0,2,0,1,1
1085948074151332003,1,0,,2,,0,-1
1085385002598595510,1,263,,2,,1,1
1085995486018966342,204,304,100.0,2,0,1,1
1084691456608967724,25,360,100.0,2,0,0,1
1084692418761490545,22,361,100.0,2,0,-1,-1
1086825919023277220,19,237,98.0,2,0,1,1
1086149610583406203,1,74,100.0,2,2,1,1
1086180309832086366,1,81,100.0,2,0,0,0
1086262606512645300,11,285,100.0,2,0,1,1
1088159693972512718,370,363,100.0,2,0,-1,-1
1088309266624697283,1,47,100.0,2,0,-1,-1
1087511455839862434,5,353,100.0,2,0,0,0
1088382947858308213,1,269,,2,,1,0
1089077182415852769,1,269,,2,,-1,-1
1089853229772546496,370,363,100.0,2,0,0,0
1091060898252291023,2,81,90.0,2,1,1,1
1091146348800919851,141,186,100.0,2,0,-1,-1
1090393348409889807,29,17,69.0,2,1,0,0
1091385513134724327,1,269,,2,,0,-1
1091206448928687507,1,47,100.0,2,1,-1,-1
1090502646283750434,25,9,100.0,2,0,1,1
1090508659402664193,9,263,33.0,2,3,1,-1
1093249846373104640,1,242,60.0,2,2,-1,-1
1091961025280792346,1,111,100.0,1,0,-1,-1
1092614358419532028,25,354,100.0,2,0,-1,-1
1091969183543663364,3,106,100.0,1,0,-1,-1
1091969183545800925,3,109,100.0,1,0,0,0
1091969281938525850,3,79,100.0,1,0,1,1
1093404047865720044,1,260,0.0,2,3,0,1
1092688726020794437,1,239,80.0,2,2,1,1
1092692102948434736,2,97,100.0,2,0,-1,-1
1092720121063377343,44,0,100.0,2,0,-1,-1
1093498347774068091,1,107,60.0,1,1,1,1
1092098266431353013,1,263,,2,,-1,-1
1093550386830026906,1,0,100.0,2,0,1,1
1094229067514322476,1,226,100.0,2,1,1,1
1095695714184754577,2,128,94.0,2,0,0,0
1095443053757034011,1,0,,2,,1,1
1095495869394400869,1,267,90.0,2,1,0,0
1096216965644032872,2,327,94.0,2,0,1,1
1094744579254432669,36,327,100.0,2,0,1,1
1095563376866374359,1,178,100.0,2,1,1,1
1096369771659673108,184,0,100.0,2,0,1,1
1094828926308971994,1,4,100.0,1,0,1,1
1096390902789429201,3,0,90.0,2,0,-1,-1
1097679906813764120,88,286,100.0,2,0,0,0
1096859093083551158,1,130,100.0,2,0,-1,-1
1097714160320609203,1,346,50.0,2,2,-1,-1
1097780207217510222,24,347,100.0,2,0,1,1
1097011566946292194,1,241,100.0,2,1,-1,-1
1097807479304192178,1,157,100.0,2,0,1,1
1097063377390040738,1,195,100.0,2,0,0,0
1097063945595455948,1,44,100.0,2,0,0,1
1097082117619041856,25,41,100.0,2,0,-1,-1
1097100609509700248,370,363,100.0,2,0,-1,-1
1098311667023091894,1,0,,2,,1,1
1098334585944218669,1,247,50.0,2,2,1,1
1097206089981919957,1,238,,2,,1,1
1098586078865488314,1,269,,2,,0,0
1101310060020360515,44,0,100.0,2,0,1,1
1099929305327564238,1,0,100.0,2,0,0,0
1100112879555144600,1,0,,2,,0,0
1101420573080360866,3,183,83.0,2,2,0,0
1101955138896595445,141,184,100.0,2,0,0,0
1101960142595840567,141,180,100.0,2,0,-1,-1
1102900577828884667,370,363,100.0,2,0,1,1
1102142209147876474,1,256,67.0,2,2,-1,-1
1103504941778909972,1,224,100.0,2,0,-1,-1
1102833247341610220,64,0,92.0,2,0,-1,-1
1104874052958713091,1,0,,2,,-1,0
1104428448503252772,1,0,100.0,2,1,-1,-1
1103682292524786238,2,0,,2,,0,0
1103709297667185099,1,77,89.0,2,0,1,1
1104916855698242359,6,158,97.0,1,0,1,1
1105568784351773025,8,265,100.0,2,1,1,1
1105622312713677465,14,0,99.0,2,0,-1,-1
1105120692958247742,1,0,,2,,1,-1
1105671197172679606,63,0,97.0,2,1,-1,-1
1105800773574314600,370,363,100.0,2,0,0,0
1107030330779079987,26,16,100.0,2,0,0,0
1107099540749135658,141,136,100.0,2,0,-1,0
1106640152162745294,6,324,97.0,1,0,0,-1
1107010504468653469,42,3,99.0,2,0,0,-1
1109549278916637715,1,239,100.0,2,0,0,0
1110174294258973439,1,42,,2,,1,1
1109976559167994601,170,240,95.0,2,0,1,1
1109452674592963859,1,263,,2,,1,1
1110671736459410782,61,29,100.0,2,0,1,1
1110869925924846383,191,333,99.0,2,0,1,1
1110122854593504652,12,69,100.0,2,0,-1,-1
1110123618867632155,12,85,100.0,2,0,0,0
1110719130935045505,12,80,100.0,2,0,1,1
1110759327088809303,12,52,100.0,2,0,-1,-1
1110128849753490894,1,263,,2,,-1,-1
1110134071929494121,1,269,0.0,2,3,0,0
1110930977513271120,1,365,100.0,2,2,-1,-1
1110761496706634616,12,49,100.0,2,0,0,0
1110762293025389007,12,78,100.0,2,0,1,-1
1110764949711313570,12,47,100.0,2,0,0,0
1110767167391585520,12,86,100.0,2,0,1,1
1110767819396140823,12,57,100.0,2,0,-1,-1
1110769529104777694,12,61,100.0,2,0,-1,-1
1111383123691276092,7,4,100.0,2,0,0,0
1112246090911377189,6,64,99.0,2,0,0,0
1113274113701520879,1,285,100.0,2,0,1,1
1115115850519118253,44,0,100.0,2,0,0,0
1113609097090241355,1,258,100.0,2,1,1,1
1114528900637267753,5,348,96.0,2,0,1,1
1115659465905456941,3,48,60.0,2,2,0,0
1115708306630810696,2,345,100.0,2,0,0,0
1114675724177596487,45,0,94.0,2,0,1,0
1115795185302642071,16,0,100.0,2,0,1,0
1114776999725629053,1,226,100.0,2,0,0,0
1115888924908019654,1,89,100.0,2,0,-1,-1
1117841746399000152,1,269,,2,,1,1
1115947696779451228,370,363,100.0,2,0,0,0
1117903621857826944,184,329,100.0,2,0,0,0
1117983887034368037,4,259,100.0,2,0,1,0
1118025031111559711,1,11,70.0,2,2,1,0
1116398967825571976,12,129,100.0,2,0,-1,-1
1118062308734308558,7,335,100.0,2,0,-1,-1
1117304364906670720,1,364,,2,,0,-1
1117364618421346339,1,340,100.0,2,0,0,-1
1119545786432390809,1,332,100.0,2,0,-1,-1
1119550027744160141,11,3,,2,,1,1
1119586650258660931,1,0,,2,,0,0
1120295683111709478,44,0,100.0,2,0,-1,-1
1119460009921087760,141,199,95.0,2,0,-1,-1
1120692004673469197,5,239,100.0,2,0,1,1
1120198739494310162,1,27,100.0,2,2,0,0
1120769377576048338,1,109,100.0,2,2,0,0
1121664952513599811,3,300,100.0,2,0,-1,-1
1120865972355379331,12,0,100.0,2,1,1,-1
1123007301501653909,1,0,,2,,0,-1
1121585470556387414,91,58,,2,,0,0
1123095910090653219,816,257,87.0,2,2,1,1
1123950426567611637,1,364,100.0,2,2,1,0
1125172666486991670,1,167,100.0,2,0,1,1
1124351772934748550,141,25,100.0,2,0,0,0
1124619212722273190,141,1,95.0,2,0,0,0
1125449557335870221,2,0,100.0,2,0,0,0
1126725344114215703,1,0,,2,,0,0
1126770311051486184,1,0,,2,,-1,-1
1125746761097858386,1,30,94.0,2,0,0,0
1126149052379174860,1,86,100.0,2,0,1,-1
1126161089070977826,213,0,99.0,2,0,1,1
1125898761574484656,7,164,10.0,2,3,-1,-1
1127207662222801337,2,307,,2,,0,0
1126532433561641127,1,315,100.0,2,2,0,0
1127481327634328143,4,307,100.0,2,0,0,0
1127619609640069136,1,0,100.0,2,2,1,0
1128244108620344695,1,269,,2,,0,0
1127475237475836434,4,325,100.0,2,0,0,0
1128151682985949663,68,242,99.0,2,0,0,0
1130189141400626890,12,314,100.0,2,0,1,1
1128924217510442058,1,223,100.0,2,0,0,0
1129704558501435861,4,317,100.0,2,0,-1,-1
1129790890741867942,1,194,0.0,2,3,-1,-1
1130927493300849764,4,21,99.0,2,0,1,1
1130956413774201019,27,60,91.0,2,0,0,0
1131620483526696008,1,173,100.0,2,0,1,1
1131088362441548140,5,119,100.0,2,0,1,1
1132610827097050924,41,0,100.0,2,0,0,0
1131814488318247491,1,1,89.0,2,0,0,0
1133344561518961817,1,0,,2,,1,1
1132034926248196706,2,0,100.0,1,0,1,1
1133795842696211873,1,245,100.0,2,0,-1,-1
1133319928266260006,1,365,100.0,2,0,1,1
1135349646534620169,76,322,100.0,2,0,1,1
1135471302001139354,1,344,75.0,2,2,1,1
1136159439636276423,1,269,,2,,-1,-1
1135665374992997108,3,0,100.0,2,1,-1,-1
1135992186741225238,1,179,0.0,2,3,-1,1
1135308044894784306,2,269,40.0,2,3,-1,-1
1137387630058581204,1,33,100.0,2,1,0,0
1138252780131522941,816,107,87.0,2,2,-1,-1
1138284793158976564,1,198,,2,,0,1
1138287790681859779,1,310,100.0,2,1,1,1
1136856561776309880,135,286,100.0,2,0,0,0
1138326319926564145,6,131,100.0,2,0,-1,-1
1138334313029069473,816,112,87.0,2,2,1,1
1136907998957621307,1,138,100.0,1,1,1,1
1138345540791163140,816,269,87.0,2,2,1,1
1137594812690933079,141,1,95.0,2,0,1,1
1138374981085434376,1,268,,2,,1,1
1136938378239763666,1,269,,2,,1,0
1138522924854429602,1,83,,2,,-1,-1
1137031331396615270,1,239,100.0,2,0,-1,-1
1137033341510335316,1,167,,2,,1,1
1139607664259627238,1,0,,2,,1,1
1140320147044216762,4,158,,2,,1,1
1140436335604239660,1,110,100.0,2,0,1,-1
1139017851781132069,1,36,,2,,1,1
1140491550462551448,76,339,100.0,2,0,1,1
1140505693331561483,4,302,100.0,2,0,1,1
1140513558276061380,1,0,100.0,2,2,1,1
1140524194670060433,816,200,87.0,2,2,0,0
1140538068865684026,23,0,100.0,2,0,0,0
1140541798935714538,1,0,,2,,0,0
1140691789039361635,1,63,100.0,2,2,1,1
1139957954077782663,3,365,82.0,2,0,-1,-1
1142636713837730392,2,132,,1,,1,1
1142636821752279534,2,122,,1,,1,1
1143375177749897595,8,354,98.0,1,0,1,1
1142488947994222180,90,270,74.0,2,2,0,1
1144968261141449825,1,169,100.0,2,0,-1,-1
1144609491529881952,2,243,100.0,2,1,1,1
1143563587505399674,1,16,100.0,2,0,1,1
1145415440485925249,1,71,100.0,2,0,0,0
1143975139269152736,1,229,100.0,2,1,0,0
1146160009003402268,1,265,0.0,2,3,-1,-1
1146997677041302388,1,1,,2,,-1,-1
1146313933295610241,816,152,87.0,2,2,1,0
1147874742040249505,1,269,,2,,0,0
1148530354727857964,1,0,100.0,2,0,0,0
1148435015373152526,1,230,100.0,2,1,1,1
1148440771106012592,20,202,100.0,2,0,-1,-1
1149971287291701224,1,75,50.0,2,3,1,1
1149265102654545319,2,269,,2,,0,0
1150631933694395198,3,22,100.0,1,0,0,1
1150672475815286460,1,358,,2,,0,0
1151206283158892677,20,221,100.0,2,0,1,1
1151237913467794090,20,128,100.0,2,0,1,1
1151284043443696823,121,313,100.0,2,0,-1,-1
1151435414598907417,1,0,,2,,-1,0
1152009218142023703,144,0,99.0,2,0,1,1
1152076580762607477,6,148,100.0,2,0,0,0
1153523293626808881,113,168,75.0,2,2,1,1
1152959197091737215,1,142,91.0,2,1,1,1
1156060632291267308,1,0,100.0,2,0,1,1
1156084767038972060,1,269,0.0,2,3,0,0
1155578138945172659,25,0,100.0,2,0,1,1
1155103050707464827,1,0,100.0,2,0,1,1
1156424874708107231,1,8,100.0,2,2,-1,-1
1155859466746324272,3,331,90.0,2,1,1,1
1157018807151931980,19,208,98.0,2,0,1,1
1157079249896093924,2,274,100.0,2,0,1,-1
1157144450072092466,141,0,95.0,2,0,-1,-1
1158577217331591846,135,309,100.0,2,0,-1,0
1160712421735239517,6,307,94.0,2,0,1,1
1160725601494020996,45,274,94.0,2,0,-1,0
1162235539024725621,191,350,99.0,2,0,0,0
1162267019898567746,1,87,100.0,1,1,0,0
1161632743316828645,1,179,,2,,0,0
1160945559615574630,1,3,100.0,2,0,0,0
1162068076843085865,9,269,100.0,2,1,1,1
1162089838895537802,9,70,100.0,2,1,0,0
1162136640160279859,5,251,100.0,2,0,-1,-1
1161374197546519520,44,0,100.0,2,0,1,1
1162891698990380245,191,355,99.0,2,0,1,1
1163017694662677286,191,333,99.0,2,0,0,1
1162973976254608771,9,263,100.0,2,1,1,1
1165279196577867397,1,269,,1,,0,0
1164388235602237991,2,128,100.0,2,0,1,1
1163620116058183888,1,3,100.0,2,1,-1,-1
1165665896150567421,6,193,75.0,2,1,0,0
1165713538326293615,5,160,79.0,2,0,1,1
1165741237983746321,191,351,99.0,2,0,-1,-1
1163697493672230003,5,249,86.0,2,0,1,1
1163702350453626107,7,243,100.0,2,0,1,-1
1165759660129286294,191,348,99.0,2,0,0,0
1165786603867152545,1,227,50.0,2,2,0,0
1164634866477506439,1,0,100.0,2,0,1,1
1165798874958077815,1,255,,2,,-1,-1
1165852862200967528,1,190,,2,,-1,-1
1165133228486098545,1,348,0.0,2,3,0,0
1167189817631445248,2,90,100.0,1,0,-1,-1
1167189886654798811,2,110,100.0,1,0,1,1
1168080796125850038,5,250,100.0,2,0,0,1
1168096204783811235,4,0,100.0,2,0,0,0
1168180182008035137,3,339,100.0,2,0,1,1
1166721890017421516,1,89,0.0,1,3,1,1
1166755481842382247,41,106,99.0,2,0,1,1
1168802372258693103,63,36,97.0,2,1,0,0
1168826371621566069,370,363,100.0,2,0,-1,-1
1167921812333877628,1,150,100.0,2,0,0,0
1167937584187114237,1,270,100.0,2,0,1,1
1169420349262441420,12,289,17.0,2,3,1,1
1167982156923650275,88,0,100.0,2,0,-1,0
1168783608070761764,370,363,100.0,2,0,1,1
1168792117763450769,370,363,100.0,2,0,1,1
1170020942737924390,3,242,100.0,2,0,1,0
1171662684889768879,4,241,100.0,2,0,1,1
1170816620340588157,191,325,99.0,2,0,1,1
1170839340982865987,191,352,99.0,2,0,1,1
1170885284845639320,191,348,99.0,2,0,1,1
1172361096423383992,7,221,100.0,2,0,1,1
1171002149392485455,1,27,100.0,2,0,1,1
1172976315899114854,25,42,100.0,2,0,0,0
1175912126377404497,18,199,,2,,0,-1
1176000804891474467,144,307,99.0,2,0,0,0
1176001157521751317,1,280,90.0,2,0,-1,-1
1173750371859555725,370,363,100.0,2,0,1,1
1173819187863289515,184,264,100.0,2,0,-1,-1
1173841032536111457,1,229,100.0,2,0,0,0
1175280243257887609,1,295,100.0,1,0,1,1
1175359567710202754,2,0,100.0,2,0,1,1
1176710120436779453,5,37,100.0,1,0,0,0
1176710198469122266,5,43,100.0,1,0,-1,-1
1176710198815510955,5,41,100.0,1,0,0,0
1176710283344531498,5,40,100.0,1,0,1,1
1176710293080135738,5,43,100.0,1,0,0,1
1176793362441027430,370,363,100.0,2,0,-1,-1
1176846794345599200,2,123,,2,,0,0
1178770279568780129,1,365,,2,,1,1
1178048987511767346,3,63,100.0,2,0,-1,-1
1178811454063509683,1,73,100.0,2,1,0,0
1178856318055372831,2,322,100.0,2,1,-1,-1
1178172005410576701,1,263,0.0,2,3,1,1
1177419535513004048,1,241,100.0,2,0,0,0
1179043042825052834,1,206,100.0,2,0,0,0
1179493614221560537,1,0,,2,,1,0
1180281480067630298,1,0,,2,,1,1
1180390934350314592,1,353,80.0,2,2,-1,-1
1180460528606676667,45,364,94.0,2,0,0,0
1181125458760261256,1,299,100.0,2,0,0,0
1180534124156495651,7,0,98.0,2,0,1,1
1180904859707181171,1,275,,2,,1,1
1181982146617902957,11,250,87.0,1,0,-1,-1
1182007207513517695,11,239,87.0,1,0,-1,-1
1181671862645090551,15,231,100.0,2,0,0,0
1181681435918341332,11,257,87.0,1,0,0,1
1181688621566997808,24,355,100.0,2,0,1,1
1181723140878430098,1,154,100.0,2,1,-1,-1
1181746496721744429,370,363,100.0,2,0,1,1
1181747062544617670,370,363,100.0,2,0,1,1
1183978066701548239,61,256,100.0,2,0,-1,-1
1183163835381893863,1,50,100.0,2,0,0,0
1183296064264993386,13,294,100.0,2,0,1,1
1185491268680060422,1,42,100.0,2,1,1,1
1183750167285629002,1,83,,2,,1,1
1186972688607734727,41,122,99.0,2,0,0,0
1186028522837251221,1,67,100.0,2,0,0,0
1186137475241805384,3,0,,2,,1,1
1186149679153389340,2,0,,2,,-1,-1
1186159460053941651,2,151,100.0,1,0,1,1
1189810922264881624,2,269,,2,,-1,-1
1189966223899208428,1,260,100.0,2,1,0,0
1189012934929898828,8,329,100.0,2,0,1,1
1191206592548883961,1,11,100.0,2,0,0,0
1189030848336118646,1,0,,2,,0,0
1189068918412925112,5,183,100.0,2,0,-1,-1
1189088529078816954,1,319,,1,,1,0
1189092272925381446,13,0,100.0,2,0,0,0
1189097407274425924,7,133,100.0,2,0,1,1
1191324350983013220,1,0,100.0,2,0,-1,-1
1190557124483110828,45,269,94.0,2,0,1,1
1192481400982482298,25,341,100.0,2,0,1,1
1191827594571482418,7,312,76.0,2,0,1,1
1191837264498920432,7,320,76.0,2,0,-1,-1
1191839455278318860,7,307,76.0,2,0,-1,-1
1191842403091327554,13,280,100.0,2,0,0,0
1191865199840927963,7,288,76.0,2,0,1,1
1191866151358382448,7,329,76.0,2,0,0,0
1191867199358197548,7,299,76.0,2,0,-1,-1
1191868813407079760,7,333,76.0,2,0,1,1
1192662764114359955,1,89,0.0,2,3,0,0
1191940394460167368,1,0,,2,,1,1
1192012180256121308,1,212,70.0,2,2,1,0
1192054702179910726,2,36,100.0,2,0,1,0
1194123410253975883,1,159,25.0,2,3,0,0
1194897509211917586,1,88,,2,,1,1
1196312406886238468,4,161,70.0,2,2,-1,0
1196413367608379788,1,89,100.0,2,0,1,1
1196511128954583650,1,0,100.0,2,2,-1,-1
1197629893014618669,370,363,100.0,2,0,-1,-1
1197658504727668493,184,306,100.0,2,0,-1,-1
1197660494243319894,184,355,100.0,2,0,0,0
1195803737769257878,1,21,,2,,1,1
1197733181127884237,2,316,100.0,2,0,0,0
1197781632375371990,12,269,100.0,2,1,1,1
1197164144359621856,1,67,100.0,2,1,1,1
1198480838162018998,1,7,100.0,2,1,-1,-1
1197564683645875740,73,347,,2,,1,1
1198325972550931259,29,310,100.0,2,0,1,1
1198580043613160135,1,179,80.0,2,0,1,1
1198328416551211059,1,0,,2,,-1,0
1198962351991290656,8,235,100.0,2,0,1,1
1201353198181858244,191,180,99.0,2,0,0,0
1199133538304934546,1,365,100.0,2,2,0,0
1201431625032059189,46,26,100.0,2,0,0,0
1199242381451339573,2,360,100.0,2,0,1,1
1201979665075299779,130,145,58.0,2,2,-1,-1
1199815885531003671,2,333,100.0,2,1,1,1
1203148569483543431,1,269,,2,,-1,-1
1203274716087341598,1,203,100.0,2,0,0,0
1203556451261518953,4,81,100.0,1,0,1,1
1203556451362485637,4,109,100.0,1,0,1,1
1203556534021861262,4,98,100.0,1,0,0,0
1203556614707701012,4,104,100.0,1,0,1,1
1202660063470694097,1,0,,2,,1,1
1203566925431012739,144,267,99.0,2,0,-1,-1
1202680721898834851,1,6,100.0,2,0,0,0
1202707209502764021,50,0,99.0,2,0,0,-1
1204954367503352761,1,167,100.0,2,1,-1,-1
1202805309106309290,2,351,90.0,2,0,1,1
1202808525101889795,12,281,17.0,2,3,-1,-1
1206024203293892908,5,64,100.0,2,0,1,1
1206397974269915554,31,326,99.0,2,0,0,0
1206413735583567185,4,97,100.0,1,0,0,0
1206413735605460526,4,99,100.0,1,0,0,0
1206413823448108974,4,101,100.0,1,0,-1,-1
1206413831688589958,4,99,100.0,1,0,1,1
1207202458741125583,2,365,100.0,2,0,1,1
1206638076342973846,6,360,,2,,0,-1
1206692335050014758,1,90,100.0,2,0,-1,0
1209355220535933410,24,338,100.0,2,0,1,1
1209437238194693017,1,0,,2,,1,1
1207977018475391496,1,354,67.0,2,2,0,0
1208146302530135927,1,353,100.0,2,0,1,1
1210175582776054195,2,163,100.0,2,2,-1,-1
1210616606459067476,25,284,98.0,2,0,0,0
1208529383772253333,1,0,100.0,2,1,1,1
1210656782618222204,6,365,,2,,1,1
1212419601383788603,1,321,100.0,2,1,1,1
1212812311428339854,1,107,0.0,2,3,-1,-1
1213566108306222036,42,4,99.0,2,0,-1,-1
1213602649766344986,1,0,,1,,0,0
1216553005219659669,31,335,99.0,2,0,1,1
1216586462507266225,102,311,53.0,2,2,-1,-1
1216447569069156519,1,237,100.0,1,0,-1,-1
1216499066763409379,121,329,100.0,2,0,1,1
1218195685735544107,1,318,90.0,2,1,-1,-1
1218611712280497443,184,330,100.0,2,0,0,0
1217317108900793213,1,0,100.0,2,0,0,0
1221690518617966640,7,0,100.0,2,0,1,-1
1219507101253411244,1,274,79.0,2,2,1,1
1222408674071237530,137,317,100.0,2,0,1,1
1222608624087395360,7,58,100.0,2,0,-1,-1
1224381653838884820,6,0,,2,,1,1
1219665793956425747,1,90,,2,,-1,-1
1221458000123176387,45,273,100.0,2,0,-1,-1
1228035353415479562,2,4,80.0,2,1,1,1
1228035525860398543,2,0,80.0,2,1,-1,-1
1228068090962171923,13,311,99.0,2,0,1,1
1228068092610141610,13,320,99.0,2,0,1,1
1226110903991790480,1,359,100.0,2,0,1,1
1228166893593683193,18,0,100.0,2,0,1,1
1226570415130132930,1,364,,2,,-1,0
1231645074683841292,28,0,100.0,2,0,0,0
1231660335220819644,137,357,100.0,2,0,0,1
1231856712815715519,44,341,100.0,2,0,-1,-1
1232378640060820213,1,365,100.0,2,2,-1,1
1233898065532719520,2,11,100.0,2,0,1,0
1233990548423109276,1,358,100.0,1,0,0,0
1234337601603909178,8,75,100.0,2,0,0,0
1230235965143493249,1,1,100.0,1,1,1,1
1233084702003245118,1,301,70.0,2,2,0,0
1233094880100767128,1,319,60.0,2,2,0,0
1235412004589098804,1,157,100.0,2,0,1,1
1233828538872124300,184,346,100.0,2,0,1,1
1233834382413577117,184,329,100.0,2,0,0,0
1238449940197872326,1,341,100.0,2,0,0,1
1235939050724103300,25,335,100.0,2,0,1,1
1238921131643763517,4,324,100.0,1,0,0,0
1241881037104140215,57,0,99.0,2,0,-1,-1
1236835839918623113,13,333,99.0,2,0,1,1
1239005135068135841,21,355,99.0,2,0,1,1
1241963243927133366,10,316,98.0,2,1,1,1
1239596326622114300,2,128,100.0,2,1,-1,-1
1242554745066883852,137,0,100.0,2,0,1,1
1240668220235233365,7,193,100.0,2,0,1,1
1244000113039277040,816,75,87.0,2,2,1,1
1245470669322309055,3,309,100.0,2,0,-1,-1
1244007677455498366,816,208,87.0,2,2,-1,-1
1245533428748324952,2,0,100.0,2,2,1,1
1245552332686988799,5,345,96.0,2,0,0,0
1244207848763794271,48,24,98.0,2,0,-1,-1
1244726299650710852,1,0,100.0,2,0,0,0
1246561488709565230,1,361,100.0,2,0,0,0
1246620033981570351,12,329,100.0,2,1,-1,-1
1250073842674457206,5,332,96.0,2,0,-1,-1
1248486560864466964,6,191,100.0,2,0,-1,1
1248521657577828228,19,296,98.0,2,0,1,1
1247586160737996294,18,20,100.0,2,0,1,1
1247622156039463956,1,309,100.0,2,0,1,1
1247689884359406059,1,343,38.0,1,3,1,0
1249107313120302439,8,331,100.0,2,0,1,1
1249211110430434950,11,300,99.0,2,0,1,1
1249766156839419453,1,321,100.0,2,2,0,1
1254060483817840472,25,358,100.0,2,0,0,0
1256365249098910363,1,0,,2,,-1,-1
1252162775696675026,13,320,99.0,2,0,0,1
1254925047411897005,13,341,99.0,2,0,-1,-1
1254925049189075487,13,304,99.0,2,0,-1,-1
1254925056440134640,13,321,99.0,2,0,-1,0
1252781379309868238,2,140,88.0,1,1,-1,-1
1256784512920329869,2,55,,1,,-1,-1
1254925064752703033,13,315,99.0,2,0,-1,-1
1257004738522230204,17,340,100.0,2,0,1,1
1261411182045512784,17,296,99.0,2,0,0,0
1259326386832443047,1,236,100.0,2,1,-1,0
1257806454319409462,191,42,99.0,2,0,-1,-1
1261793342680983600,3,0,100.0,2,0,1,1
1262262449878074153,816,81,87.0,2,2,1,1
1262483047846412809,2,11,100.0,2,0,-1,-1
1258636910116288183,1,364,0.0,2,3,1,-1
1262972553457417050,137,328,100.0,2,0,0,1
1263721468122291275,73,333,,2,,1,-1
1263797711040382595,3,257,100.0,2,0,-1,-1
1263013698430086435,108,0,100.0,2,0,0,-1
1263197379356872782,2,0,88.0,2,0,0,0
1265711776849440287,121,326,100.0,2,0,0,0
1263614746853906032,19,347,98.0,2,0,0,1
1264280663103818517,29,274,69.0,2,1,-1,-1
1266532253011883811,1,121,,2,,0,0
1265102289707323124,1,0,100.0,2,0,1,-1
1268232027856886692,19,213,98.0,2,0,-1,-1
1268239358569299617,19,208,98.0,2,0,0,0
1267958512625252170,29,241,69.0,1,1,1,0
1269493351548755227,6,110,100.0,1,0,-1,-1
1269493351566155313,6,103,100.0,1,0,-1,-1
1269493442366510321,6,113,100.0,1,0,1,1
1269493454592994946,6,113,100.0,1,0,1,1
1269493520264076912,6,60,100.0,1,0,-1,-1
1269493536112971078,6,100,100.0,1,0,1,1
1268076809370351470,816,113,87.0,2,2,0,0
1269494188115535130,2,89,,1,,1,1
1269494188198311155,2,109,,1,,-1,-1
1269296864116020154,7,328,100.0,2,1,0,0
1269561851679224854,19,287,98.0,2,0,1,1
1269303791003848605,1,0,100.0,2,0,1,1
1270056156796467013,184,296,100.0,2,0,0,0
1272440379259864615,137,318,100.0,2,0,-1,-1
1272489086802481226,1,231,100.0,2,0,-1,-1
1272615347044029360,1,12,100.0,2,0,1,1
1272818527248687654,1,154,100.0,2,0,1,-1
1275118952980820130,1,237,100.0,1,0,0,0
1271817977921885736,20,28,100.0,2,0,-1,-1
1275291279234373641,23,365,77.0,2,0,-1,-1
1275291512550686417,23,365,77.0,2,0,-1,1
1274455081305702680,1,257,0.0,2,3,0,0
1275557477315609484,11,331,99.0,2,0,-1,-1
1275837505041808017,1,155,100.0,2,0,0,0
1276702153702321112,1,251,100.0,2,1,0,0
1278935605350165051,816,198,87.0,2,2,1,1
1283236604218480987,37,1,93.0,2,0,-1,-1
1283244657463277799,6,288,100.0,2,0,1,1
1284572246056631015,2,275,94.0,2,0,-1,-1
1287672584926630071,137,0,100.0,2,0,0,0
1284606734534449533,24,329,100.0,2,0,1,1
1284709166259439880,2,293,94.0,2,0,1,-1
1287908573126344532,1,349,0.0,2,3,0,0
1285307525574160352,1,0,,1,,0,0
1288253423887702560,12,189,100.0,2,0,-1,-1
1285364319884947120,1,345,80.0,2,0,-1,1
1288370164683450443,1,286,100.0,1,0,0,0
1285496674837706980,170,9,95.0,2,0,1,1
1285498139587761956,170,314,95.0,2,0,0,0
1285510217140851327,170,288,95.0,2,0,1,1
1285627786957993227,1,162,,2,,1,1
1290184003932520207,4,89,100.0,1,0,1,1
1290184004060132186,4,80,100.0,1,0,1,-1
1286084136478152023,46,96,100.0,2,0,-1,-1
1289119767230489762,73,354,,2,,1,-1
1289640515857256317,4,88,100.0,1,0,1,1
1289640599859654330,4,93,100.0,1,0,-1,-1
1290708750763892346,6,365,14.0,2,3,0,-1
1291177187994184418,45,361,94.0,2,0,0,0
1291291872464104905,121,319,100.0,2,0,1,1
1294710856950562405,1,229,100.0,2,0,0,0
1293228641089895648,2,346,100.0,2,0,0,1
1293282016377861526,11,337,99.0,2,0,1,1
1293390735268278511,19,120,98.0,2,0,0,0
1295528468707245785,2,168,100.0,1,1,1,1
1295725018875092598,204,340,100.0,2,0,1,1
1295725387409620418,204,320,100.0,2,0,-1,-1
1295725758773317286,204,317,100.0,2,0,1,1
1295726126352827317,204,315,100.0,2,0,0,0
1299263750098508972,46,334,79.0,2,1,-1,-1
1297098776025027363,11,317,99.0,2,0,-1,-1
1302698857800521651,184,292,100.0,2,0,0,0
1299142520420518640,29,323,69.0,2,1,1,1
1299146400486795379,36,258,100.0,2,0,1,1
1303827693187247038,45,320,100.0,1,0,1,-1
1304161166514585182,1,133,,1,,-1,-1
1304187220066215836,102,286,100.0,2,0,1,1
1303490442547957741,45,347,100.0,1,0,-1,-1
1303499542785783641,45,360,100.0,1,0,1,1
1301287484915362172,90,335,74.0,2,2,1,0
1303597109114692998,121,332,100.0,2,0,1,1
1303674009398073129,45,352,100.0,1,0,-1,-1
1304972815275099930,1,134,100.0,2,0,1,1
1305824687845673893,135,309,100.0,2,0,0,-1
1308500614364749943,137,0,100.0,2,0,1,1
1306318103268783782,11,337,80.0,2,2,1,1
1308698544662556346,1,364,100.0,2,2,0,0
1308836268645549809,816,338,87.0,2,2,1,1
1309215137834795285,8,316,100.0,2,0,1,1
1309224596320319012,45,290,100.0,2,0,0,0
1309267923028220545,33,43,100.0,2,0,-1,-1
1307055083959854928,7,343,98.0,2,0,1,1
1310138867495394016,26,0,100.0,2,0,-1,-1
1307884086761976229,137,314,100.0,2,0,-1,-1
1310806498332151969,15,361,100.0,2,0,0,0
1311042875630971017,2,90,100.0,2,1,-1,-1
1313040446189580068,816,0,87.0,2,2,0,0
1313660429649232916,191,247,99.0,2,0,0,0
1312413721541390378,1,94,,2,,1,1
1316470489716405381,6,112,100.0,2,0,0,0
1317136448398919822,6,61,100.0,2,0,0,0
1317563310400162858,1,71,81.0,2,0,-1,-1
1317938676577447008,102,179,100.0,2,0,1,-1
1325315121866414688,1,345,30.0,2,3,1,1
1319453483630703270,22,342,100.0,2,0,-1,-1
1320207239767438775,69,139,95.0,2,0,1,1
1320223349931787666,69,148,95.0,2,0,1,1
1320250016766257161,69,150,95.0,2,0,0,0
1320258810840921315,1,234,100.0,2,0,-1,-1
1320263207519651164,191,165,99.0,2,0,1,1
1320274711298208163,69,240,95.0,2,0,1,1
1320308926694652703,69,149,95.0,2,0,1,1
1320310415624536887,69,142,95.0,2,0,0,0
1320312433000302005,69,247,95.0,2,0,0,0
1325901618387340126,1,352,,2,,-1,-1
1325906237609102167,26,350,100.0,2,0,-1,-1
1323409381525228834,2,365,96.0,2,0,0,0
1323735956346363002,5,312,98.0,2,0,-1,-1
1323754562761490527,2,295,100.0,2,0,1,1
1323786781876906576,12,263,100.0,2,0,1,1
1327809179099410950,3,349,100.0,2,0,-1,-1
1326234956034790379,41,292,99.0,2,0,1,1
1328074955265919754,1,108,100.0,2,0,-1,-1
1328204933748907067,5,321,98.0,2,0,0,0
1326931694706146306,1,323,100.0,2,0,1,1
1328239457085041016,8,309,100.0,2,0,-1,-1
1329556391302746168,34,61,100.0,2,0,1,0
1329635755492174173,3,0,100.0,1,0,0,0
1329906349095728453,1,352,25.0,2,3,1,1
1330307038444155050,44,352,99.0,2,0,-1,-1
1330790437011371935,1,31,100.0,2,0,1,1
1329508482161322762,13,312,99.0,2,0,0,1
1334050488134348258,191,139,99.0,2,0,0,0
1335396831374632569,191,150,99.0,2,0,1,0
1335459233506115634,191,142,99.0,2,0,1,1
1334627398887708164,23,312,100.0,2,0,0,-1
1335492688471473418,22,0,100.0,2,0,-1,-1
1335739215971771039,1,135,100.0,2,0,0,0
1335854150310683556,4,347,100.0,2,0,1,1
1337589015565043605,4,211,100.0,2,0,1,1
1339900344421667985,184,338,100.0,2,0,1,-1
1339946099207182078,1,0,100.0,2,0,0,0
1340417612493974939,184,340,100.0,2,0,-1,-1
1340447758766878474,11,0,100.0,2,0,1,1
1339085987843323388,1,91,100.0,2,1,0,0
1339118362019852345,191,240,99.0,2,0,0,0
1339118897924933226,191,149,99.0,2,0,1,1
1341275085528150553,45,0,100.0,2,0,1,1
1345682587681539885,54,339,99.0,2,0,-1,-1
1345700038781623581,1,281,100.0,2,1,1,1
1344407229609536616,2,288,80.0,2,0,1,-1
1343451797935301475,1,230,0.0,2,3,0,0
1345597033698920523,69,194,95.0,2,0,1,1
1347613349063678388,2,334,100.0,2,1,0,0
1348653634754828402,88,316,100.0,2,0,0,0
1349801010920590255,1,330,100.0,2,0,1,1
1349872315638755063,1,355,100.0,2,0,1,1
1351333787836932284,12,365,75.0,2,1,1,1
1351356107151282312,12,364,75.0,2,1,1,1
1351368525066878264,4,290,98.0,2,0,-1,-1
1349092925856133805,16,61,100.0,2,0,-1,-1
1349100945622306529,16,258,100.0,2,0,1,1
1349170191228278663,11,364,,2,,0,0
1349170694791604309,11,364,,2,,-1,-1
1349969719433567839,121,332,100.0,2,0,1,1
1351524445375614781,45,0,100.0,2,0,0,0
1349181155760941853,11,343,,2,,-1,-1
1349181912602147520,11,346,,2,,-1,0
1352096229458621888,48,52,98.0,2,0,-1,-1
1349249556225411718,19,170,98.0,2,0,0,0
1350709835208348628,12,363,17.0,2,3,1,1
1353582680235461409,1,365,100.0,2,1,1,1
1354385071797382983,1,10,100.0,2,0,1,1
1354426278009980392,3,324,100.0,2,0,1,1
1354999947860771115,1,69,75.0,2,0,0,0
1356355978030241489,135,344,100.0,2,0,1,1
1358758766372326962,3,89,82.0,2,2,0,0
1356386315729951049,184,285,100.0,2,0,1,1
1358833419629235014,1,306,90.0,1,1,-1,-1
1355564589418719119,8,276,100.0,2,0,-1,-1
1355783860420601144,44,0,100.0,2,0,1,1
1360683907820984033,13,320,99.0,2,0,0,0
1360683909446312693,13,330,99.0,2,0,1,1
1360860117142138693,77,29,100.0,2,2,-1,-1
1358169476898991625,1,39,,2,,0,0
1360164488403976732,13,314,99.0,2,0,-1,-1
1358564944274463304,4,313,98.0,2,0,-1,0
1360365221167088717,14,365,94.0,2,0,1,0
1362210670226127044,44,335,99.0,2,0,1,0
1364437159178100227,73,347,,2,,1,-1
1361435393190497551,76,332,100.0,2,0,0,0
1364448017356446941,73,363,,2,,1,1
1364647881053307736,10,6,100.0,2,0,0,0
1361613530714497138,1,118,100.0,2,0,0,1
1363026485491366574,1,0,,1,,1,1
1365081852415604081,5,361,96.0,2,0,0,-1
1366561277239605936,52,8,99.0,2,1,1,1
1366570916658384481,34,349,100.0,2,0,-1,-1
1365215060036138469,48,57,98.0,2,0,1,1
1363645068719672089,8,322,100.0,2,0,0,1
1366746794717675352,19,357,98.0,2,0,1,1
1365490132765976571,3,354,100.0,2,0,-1,-1
1365768408887550162,4,332,98.0,2,0,0,0
1367410988415033017,3,361,100.0,2,0,-1,-1
1365894698486867830,45,77,94.0,2,0,-1,-1
1369023483028529289,10,325,100.0,2,0,0,0
1369038298082648024,11,362,100.0,1,0,0,0
1368820883296784519,1,41,100.0,2,0,-1,-1
1370817156709615180,70,138,100.0,2,0,0,0
1370857135134307699,135,318,100.0,2,0,1,1
1372419541744619340,25,203,100.0,2,0,-1,-1
1370290257703225891,147,138,88.0,2,2,1,1
1373737960239628837,1,0,100.0,2,0,0,0
1372568787276872678,1,22,100.0,2,0,0,0
1372605301732934054,1,87,100.0,2,2,1,1
1373849173478933232,48,303,100.0,2,0,1,-1
1373159559640718643,70,179,100.0,2,0,1,1
1374100844432216299,8,50,100.0,2,0,0,0
1374453732179603384,135,322,100.0,2,0,-1,-1
1375480798367389235,10,331,100.0,2,0,1,1
1375973583675623158,9,297,100.0,2,0,0,0
1378326773059411202,3,228,90.0,2,0,-1,-1
1378802496160407195,1,343,90.0,2,1,0,-1
1379571334510689288,147,74,88.0,2,2,1,1
1378881557964311969,2,348,100.0,2,0,0,0
1378913383743426318,1,21,,2,,-1,-1
1378959493211804030,15,281,100.0,2,0,-1,-1
1379120788276104515,3,254,60.0,2,2,1,1
1380334929721273215,147,147,88.0,2,2,0,0
1383899788003908106,34,61,100.0,2,0,1,1
1381700547730748725,1,141,100.0,2,0,-1,0
1384674722728984396,204,299,100.0,2,0,0,0
1384685280171625116,76,354,100.0,2,0,1,-1
1382412544742085350,8,290,100.0,2,0,0,0
1384725823842174017,27,331,98.0,2,0,0,0
1385480998590416128,1,243,,2,,1,1
1384740523047158644,34,105,100.0,2,0,-1,-1
1383139260529478637,1,6,100.0,2,0,1,1
1386797697225425947,61,77,100.0,2,0,1,1
1386813080125400749,4,351,98.0,2,0,-1,-1
1386813081122732202,4,332,98.0,2,0,1,1
1386813087869640910,4,304,98.0,2,0,-1,-1
1386814098503835127,4,321,98.0,2,0,1,1
1389174264983133139,1,232,100.0,1,0,1,1
1387166670949043460,135,327,100.0,2,0,1,-1
1390688203834609616,4,365,100.0,2,1,1,1
1391133783308148456,1,326,100.0,2,0,-1,-1
1391214386591960722,26,352,100.0,2,0,1,1
1388305038057638776,2,51,100.0,2,1,0,0
1389830590529298762,12,365,75.0,2,1,-1,-1
1394052354894156383,1,23,100.0,2,0,-1,-1
1394159381147806092,1,24,100.0,2,0,-1,-1
1391951502368325751,184,282,100.0,2,0,-1,-1
1394803026465643936,1,318,100.0,2,0,1,1
1394812696321486870,2,331,100.0,2,0,1,1
1394817081066731128,4,318,100.0,2,0,0,0
1396330450220902863,19,331,98.0,2,0,0,0
1396387604235758391,184,320,100.0,2,0,1,1
1396387989902860865,184,339,100.0,2,0,-1,-1
1396389240036834367,184,346,100.0,2,0,0,0
1396390826210838877,184,326,100.0,2,0,0,-1
1396392444589680118,184,329,100.0,2,0,0,0
1396659558019507026,25,318,100.0,2,0,1,1
1395495513912430783,24,38,100.0,2,0,1,1
1393396763652744201,4,335,100.0,2,0,0,0
1393530112769860110,7,239,100.0,2,0,-1,-1
1395613641844693777,816,241,87.0,2,2,0,0
1397090109840457673,25,310,100.0,2,0,1,1
1397814922362607510,1,47,91.0,2,0,1,1
1401671273469717003,25,308,100.0,2,0,1,1
1401722021399491691,37,351,99.0,2,0,0,0
1402059342656316001,8,365,100.0,2,0,-1,-1
1402253530655787706,12,337,100.0,2,1,1,1
1400668849062454696,2,282,88.0,2,1,-1,-1
1399253281111652654,8,295,100.0,2,0,-1,-1
1405776271216085344,130,137,58.0,2,2,0,0
1405806710825526957,3,117,60.0,2,2,0,0
1404888316212576405,8,286,100.0,2,0,-1,-1
1406325099404846709,184,290,100.0,2,0,1,0
1406325722563482140,184,324,100.0,2,0,-1,-1
1406326351770077057,184,304,100.0,2,0,-1,-1
1406327347472457625,184,306,100.0,2,0,1,1
1407964804767608303,1,41,100.0,2,0,1,1
1408631772269112650,1,37,80.0,2,1,1,1
1405551494962363322,70,364,100.0,1,0,1,1
1407053512382282489,6,3,100.0,2,0,1,1
1405581775768107250,70,364,100.0,1,0,0,0
1405607383551931829,70,364,100.0,2,0,1,1
1407164458093478631,1,22,100.0,2,0,0,0
1409187948568513278,25,137,100.0,2,0,-1,-1
1405644259147443231,70,364,100.0,2,0,1,1
1407259942273337661,10,284,98.0,2,0,0,0
1409524131690461584,7,32,100.0,2,0,1,1
1409894133445344030,70,364,100.0,2,0,0,0
1409907099664417248,44,347,99.0,2,0,1,1
1410809570291655930,184,240,100.0,2,0,1,1
1410841848226285079,184,338,100.0,2,0,0,0
1412874987431990131,3,102,100.0,2,0,1,1
1410073979257543964,184,313,100.0,2,0,1,1
1411548369413701418,3,17,100.0,2,0,-1,-1
1411598377562719918,1,344,100.0,2,0,1,1
1414416594048386465,22,325,99.0,2,0,0,0
1414505205076691768,73,351,,2,,0,-1
1415687117616049831,10,306,100.0,2,0,0,0
1414603263949216958,76,356,100.0,2,0,0,0
1415924759978193234,1,335,100.0,2,1,1,1
1415927031012129518,1,280,0.0,2,3,-1,-1
1415035513521013212,184,306,100.0,2,0,1,1
1415137567566944027,1,2,100.0,1,0,0,0
1415158916663104177,184,290,100.0,2,0,1,1
1415224525788381883,1,85,100.0,2,0,0,0
1416389786426933260,19,330,98.0,2,0,-1,-1
1416423485366497833,19,330,98.0,2,0,1,1
1418111656534400323,3,68,100.0,2,0,-1,-1
1416478901360277171,1,358,100.0,2,2,-1,-1
1419423470506389393,1,0,100.0,2,1,1,-1
1419447855982440719,141,102,100.0,2,0,0,0
1416602096855950883,184,113,100.0,2,0,1,1
1416615806984068852,76,357,100.0,2,0,-1,-1
1419475233282493392,1,243,100.0,1,1,1,1
1416909933585825934,41,81,99.0,2,0,-1,-1
1418932648954007731,1,365,96.0,2,0,0,1
1420396472835819718,1,0,,2,,0,0
1419567382823588033,1,28,100.0,2,0,-1,-1
1421703466332797898,1,161,,2,,0,0
1420091213735377876,184,311,100.0,2,0,1,1
1421803109943229052,1,364,100.0,1,1,-1,-1
1421862255645469744,3,314,100.0,2,0,-1,-1
1421872440139851476,2,18,97.0,2,0,1,1
1420180809878081448,9,7,100.0,2,0,-1,-1
1420279413312800752,137,336,100.0,2,0,-1,-1
1422323061453713029,88,281,100.0,2,0,1,1
1422323063682997710,88,349,100.0,2,0,-1,-1
1422408645548318826,46,310,79.0,2,1,0,0
1423706693484272347,46,331,79.0,2,1,-1,-1
1423776659857126566,46,339,79.0,2,1,-1,-1
1421585107536473467,1,4,100.0,2,0,-1,-1
1423821424680436293,1,0,100.0,2,0,1,1
1421649639118341382,4,321,98.0,2,0,0,0
1421651133475715509,1,44,100.0,2,0,-1,-1
1425269432267311353,15,347,100.0,2,0,0,0
1425369721884300090,3,352,100.0,2,0,-1,-1
1425590235741000045,25,333,100.0,2,0,-1,-1
1425880643483923299,135,245,100.0,2,0,0,0
1425915406801195235,1,345,100.0,2,0,1,1
1424806328219700707,1,0,96.0,2,0,1,1
1425995366458823328,10,175,100.0,2,0,1,0
1427343322915249161,2,364,,1,,1,1
1427464261583014739,2,240,,1,,1,1
1428139916075702176,1,361,,2,,-1,-1
1428376216359439289,2,86,100.0,2,0,-1,-1
1429830340355785662,1,86,100.0,2,1,1,1
1429940374253640942,25,302,100.0,2,0,1,1
1431821443524108961,3,262,100.0,2,0,-1,-1
1435239253123648231,1,152,,2,,1,-1
1434164905331205199,3,103,100.0,2,0,1,1
1435355959177349075,1,347,70.0,2,1,-1,-1
1434673638985778072,50,5,99.0,2,0,-1,0
1434673966437955316,144,230,99.0,2,0,1,1
1435483022794480221,1,346,80.0,2,2,1,1
1438354882596219833,19,217,98.0,2,0,1,1
1437098876993289260,1,267,100.0,2,0,0,0
1437634398289242591,184,304,100.0,2,0,1,1
1437642358695239070,135,315,100.0,2,0,1,1
1437715938306587092,1,0,,2,,1,1
1440419931981654392,816,52,87.0,2,2,1,1
1439825816843666425,7,87,100.0,2,1,0,0
1440581531424969527,11,123,80.0,2,2,1,1
1441983692348273847,1,290,100.0,2,0,0,0
1442022720728788122,11,365,6.0,2,3,1,1
1442072267958821317,7,324,100.0,2,1,1,1
1442972686478148586,3,365,100.0,2,0,-1,-1
1441178330577429672,21,339,99.0,2,0,-1,-1
1443449317606727741,1,306,100.0,2,0,-1,-1
1443462588543528253,1,0,100.0,2,0,-1,-1
1444909069642177947,1,248,97.0,2,0,0,1
1444114937736329894,5,76,100.0,2,2,1,1
1447115240165154511,7,346,100.0,2,1,1,1
1447115448704584537,7,346,100.0,2,1,-1,1
1445530233383875749,184,352,100.0,2,0,1,1
1446885812356033084,1,250,70.0,2,1,-1,-1
1445745764901025009,1,362,96.0,2,0,1,1
1447078358432385884,34,226,100.0,2,0,-1,-1
1448377783672369194,2,11,100.0,2,0,0,1
1448493740195142866,1,36,,1,,1,1
1448706491877804648,1,321,100.0,2,0,-1,-1
1450097809019292357,1,108,100.0,2,0,1,1
1449367558809841446,3,332,100.0,2,0,1,1
1451270137052276578,1,36,100.0,2,1,-1,-1
1449380586930329343,3,335,100.0,2,0,-1,-1
1451344976382459631,22,322,100.0,2,0,0,0
1449834136395260689,1,150,100.0,2,1,-1,-1
1451451788237650997,7,269,100.0,2,1,1,1
1452148309519565043,64,0,92.0,2,0,0,0
1452253278935747464,4,0,100.0,2,0,-1,-1
1450897927381546791,1,160,90.0,2,0,1,1
1453760355803553379,16,325,100.0,2,0,1,1
1453762603322042253,16,336,100.0,2,0,0,0
1453768203775143941,16,346,100.0,2,0,-1,-1
1453770653736598729,16,347,100.0,2,0,1,1
1453775903223770221,16,343,100.0,2,0,-1,-1
1452126592173964145,3,191,96.0,2,0,1,1
1452767397409974331,45,0,100.0,2,0,1,1
1452788329900786435,144,289,99.0,2,0,0,0
1452807794642563785,12,355,91.0,2,0,0,0
1455582268975192216,54,350,99.0,2,0,0,0
1453109565549604582,1,339,100.0,2,0,1,1
1455036619832074441,13,336,99.0,2,0,1,1
1456526492898584461,69,307,95.0,2,0,0,0
1455226827980363345,1,70,100.0,2,0,0,0
1457053924950018574,2,41,100.0,1,1,1,1
1457158362723563601,5,302,100.0,2,0,1,1
1457355482751445396,3,357,100.0,2,0,1,1
1457429977910555948,1,63,91.0,2,0,1,1
1458571640884772676,44,249,99.0,2,0,-1,-1
1458860837023950959,10,340,100.0,2,0,-1,-1
1460782659640925759,1,65,,2,,1,1
1461485491265076141,1,84,,2,,1,-1
1462796428491970191,3,229,96.0,1,0,1,1
1461638556060600281,45,364,94.0,2,0,1,1
1463048431503032412,1,329,91.0,2,0,0,-1
1461128058755738014,1,13,100.0,2,0,0,0
1461181612216958271,1,345,100.0,2,0,0,0
1463786267454653333,1,157,100.0,2,0,1,-1
1463895071201109512,1,338,95.0,2,0,1,0
1462235317676963275,1,363,88.0,2,2,1,1
1462267501884130159,9,282,100.0,2,0,0,0
1462314086623381697,7,0,100.0,2,1,1,1
1464441167232391745,3,365,78.0,2,1,-1,-1
1463740246540557008,1,365,100.0,2,1,0,0
1465717352120904212,54,310,99.0,2,0,-1,-1
1466625216864382988,22,331,100.0,2,0,1,1
1467223561063580483,2,60,100.0,2,0,-1,-1
1465193337914427107,7,245,100.0,2,1,1,1
1467906670546768728,1,203,100.0,2,0,-1,-1
1466555125008993863,5,302,100.0,2,0,0,0
1469468916414443876,1,59,70.0,2,2,-1,-1
1469536291003476285,1,50,91.0,2,1,0,0
1468141499606308522,1,354,100.0,2,0,1,1
1467556465777825970,5,356,100.0,2,0,-1,-1
1470314963008211934,61,303,100.0,2,0,0,0
1470324802092431702,3,365,78.0,2,1,-1,-1
1470120327347426689,61,318,100.0,2,0,0,0
1468792033950874413,8,63,99.0,2,0,1,1
1472468175364371401,113,350,75.0,2,2,1,1
1471075476344971875,41,3,99.0,2,0,1,0
1472481729114134348,44,321,100.0,2,0,1,1
1471710541702900296,77,323,100.0,2,2,-1,-1
1471738634726082591,45,163,100.0,2,0,0,-1
1471752772712288991,5,319,100.0,2,0,0,0
1471753789018855482,5,320,100.0,2,0,0,0
1472799431864549588,1,114,90.0,2,0,-1,-1
1473906168890393047,54,332,99.0,2,0,-1,-1
1472296441967112250,204,285,100.0,2,0,0,0
1474734513642378790,3,324,100.0,2,0,0,0
1473216389931804939,1,354,100.0,2,0,1,1
1475185196208766956,3,349,100.0,2,0,1,1
1472445349506610930,21,0,100.0,2,0,1,1
1473280745057985835,1,17,100.0,2,1,0,0
1475302166816030200,12,319,100.0,2,1,1,1
1475980025462698327,184,139,100.0,2,0,1,1
1476010009767431105,1,11,91.0,2,0,-1,-1
1476017004721693992,184,199,100.0,2,0,-1,-1
1476032069418351227,1,151,67.0,2,2,1,1
1475532789164015427,1,349,94.0,2,0,0,0
1476800519904089192,1,334,100.0,2,0,-1,0
1477527624817180487,77,121,100.0,2,2,1,1
1477905477612444037,3,153,92.0,2,0,0,0
1478117526636970261,1,77,100.0,2,1,-1,0
1478205461701053763,77,344,100.0,2,2,0,0
1477418227681959673,1,365,,1,,1,1
1478306982742523276,1,337,85.0,2,0,1,1
1479770955233001276,8,333,99.0,2,0,0,0
1478400947906171881,4,289,100.0,2,1,0,1
1479867736142191079,25,353,100.0,2,0,-1,-1
1479930201462419487,25,338,100.0,2,0,0,0
1479949909764573331,25,341,100.0,2,0,-1,-1
1479955568950768163,25,362,100.0,2,0,1,1
1479958010018667758,25,354,100.0,2,0,1,-1
1479960336251619428,25,345,100.0,2,0,-1,-1
1479974269235184336,25,357,100.0,2,0,-1,0
1478730810275478893,54,314,99.0,2,0,-1,-1
1479035141627904507,75,357,100.0,2,0,-1,-1
1481211479705306353,2,263,90.0,2,1,1,1
1481720889245129495,184,356,100.0,2,0,-1,-1
1481754230424845668,184,346,100.0,2,0,-1,-1
